spotify_id,name
5YGY8feqx7naU7z4HrwZM6,Miley Cyrus
716NhGYqD1jl2wI1Qkgq36,Bizarrap
0EmeFodog0BfCgMzAIvKQp,Shakira
7tYKF4w9nC0nq9CsPZTHyP,SZA
0iEtIxbK0KxaSlF7G42ZOp,Metro Boomin
1Xyo4u8uXC1ZmMpatF05PJ,The Weeknd
1URnnhqYAYcrqrcwql10ft,21 Savage
6KImCVD70vtIoJWnq6nGn3,Harry Styles
2wY79sveU1sp5g7SokKOiI,Sam Smith
3Xt3RrJMFv5SZkCfUE8C1J,Kim Petras
1Cs0zKBU1kc0i8ypK3B9ai,David Guetta
64M6ah0SkkRsnPGtGiRAbb,Bebe Rexha
46pWGuE3dSwY3bMMXGBvVS,Rema
0C8ZW7ezQVs4URX5aX7Kqx,Selena Gomez
0eHQ9o50hj6ZDNBt6Ys1sD,Yandel
2LRoIwlKmHjgvigdNGBHNo,Feid
5KKpBU5eC2tJDzf0wmlRp2,RAYE
12Zk1DFhCbHY6v3xep2ZjI,070 Shake
0tmwSHipWxN12fsoLcFU3B,Manuel Turizo
06HL4z0CvFAxyc27GXpf02,Taylor Swift
4SsVbpTthjScTS7U2hmr1X,Arcángel
4q3ewBCX7sLwd24euuV69X,Bad Bunny
5y8tKLUfMvliMe8IKamR32,d4vd
6HvZYsbFfjnjFrWF950C9d,NewJeans
360IAlyVv4PCEVjgyMZrxK,Miguel
52iwsT98xCoGgiGntTiR7K,Quevedo
164Uj4eKjl6zTBKfJLFKKK,JVKE
1i8SpTcr7yvPOmcqrbnVXY,Ozuna
2txHhyCwHjUEpJjWrEyqyX,Tom Odell
5Pwc4xIPtQLFEnJriah9YJ,OneRepublic
6JL8zeS1NmiOftqZTRgdTz,Meghan Trainor
5XKFrudbV4IiuE5WuTPRmT,Stephen Sanchez
7o2ZQYM7nTsaVdkXY38UAA,Em Beihold
7Ln80lUS6He07XvHI8qqHH,Arctic Monkeys
3TVXtAsR1Inumwj472S9r4,Drake
7dGJo4pcD2V6oG8kP0tJRR,Eminem
2tIP7SsRs7vjIcLrU85W8J,The Kid LAROI
1RyvyyTE3xzB2ZywiAwp0i,Future
7bXgB6jMjp9ATFy66eO08Z,Chris Brown
0ys2OFYzWYB5hRDLCsBqxt,Fuerza Regida
6XkjpgcEsYab502Vr1bBeW,Grupo Frontera
53XhwfbYqKCa1cC15pYq2q,Imagine Dragons
6TLwD7HPWuiOzvXEa3oCNe,Oliver Tree
3t5xRXzsuZmMDkQzgOX35S,Robin Schulz
5H4yInM5zmHqpKIoMNAx4r,Central Cee
4tZwfgrHOc3mvqYlEYSvVi,Daft Punk
1uNFoZAHBGtllmzznpCI3s,Justin Bieber
46xBNx0j6cwY6sD9LgMTm1,Rosa Linn
37230BxxYs9ksS7OkZw3IU,Chencho Corleone
4O15NlyKLIASxsJ0PrXPfz,Lil Uzi Vert
77SW9BnxLY8rJ0RciFqkHh,The Neighbourhood
0elWFr7TW8piilVRYJUe4P,Natanael Cano
12GqGscKJx3aE4t07u7eVZ,Peso Pluma
6Sbl0NT50roqWvy746MfVf,Gabito Ballesteros
57vWImR43h4CaDao012Ofp,Steve Lacy
12vb80Km0Ew53ABfJOepVz,Ñengo Flow
7ltDVBr6mKbRvohxheJ9h1,ROSALÍA
7y3HnWCFEvWj4KM9GFSkiX,WeiBird
4XKp9GFAQfsh2NflSRnHQi,Shi Shi
6g641431O1Xkl7HAs2yFEg,EggPlantEgg
6xErgeZYatiaQ36SB5bvi8,告五人
2QcZxAgcs2I1q7CtCkl6MI,Eason Chan
6f4srX54JFrLNK4aTJe2Sc,Ren Ran
0Awqm7GXGiBp8fJNGvywra,理想混蛋
3PutidTQajzWO1gTetJReW,张远
5MfPm7ai5Y5vRePZ4MC9XL,space x
7lbSsjYACZHn1MSDXPxNF2,Hikaru Utada
01u3qI3xMGFvktXyRSMGRZ,Vicky Chen
7n2Ycct7Beij7Dj7meI4X0,TWICE
3KZMUYrA5eIfgZdIFRmNe4,TRASH
4TcOznbEZBqev21LzAH4KE,高爾宣 OSN
1xMn0bhYRWHDV01mU8gP1J,LBI利比
7hmSHY9HVVQKejpGbPbo16,詹雯婷
5PeVQEj4Yr0TB9CuG83dPB,W.M.L
5fEQLwq1BWWQNR8GzhOIvi,Eric Chou
3TtgOeQcNkf9WVDA4xPBJM,831
6udveWUgX4vu75FF0DTrXV,TAEYANG
1oSPZhvZMIrWW5I41kPkkY,Jimin
6zCAdMK7SVxKyGMnAc26Cy,Power Station
1Gv7r0FAYOhJF8Dzi6MebN,en
4SpbR6yFEvexJuaBpgAU5p,LE SSERAFIM
5PNcqs6EtD6gSXgUiiJIUU,颜人中
376pcuw4IgWBMOUwCr8kIm,Tanya Chua
6DuHQk8gJbyVlhajer8IuF,Nicky Lee
41MozSoPIsD1dJM0CLPjZF,BLACKPINK
2JBUyLiFvpFPWdZGqIGYLD,Crowd Lu
0TCVoMXRAScM2rS0pvopLM,星野
0QZqdhoRQkn1VphAa5eX8h,10-FEET
1r9DuPTHiQ7hnRRZ99B8nL,Jolin Tsai
0ghlgldX5Dd6720Q3qFyQB,TOMORROW X TOGETHER
5ZxRmJ21NzjxD2ZGBxi7um,陳華
2elBjNSdBE2Y3f0j1mjrql,Jay Chou
0V2oXYR7DtrZAEFeILRW2r,Lvbel C5
1GMwSpFzrLd12jUX15bHB6,BLOK3
1Zj4GtouAnxHq4qw7ooLfm,Mert Demir
1dpqJqIuNqideTvmxBsSku,Mabel Matiz
0KOSzgkMlkeowt1tgIg6ca,Heijan
3NPQ2qMGXAR0g1COJxuZ8r,Muti
2qW4eDZVrF6mlcuaTBEMjh,DEHA INC.
5FqTuN42w2zGw4Pzd50yaS,Reckol
0L3wrFI3QcbXAvFL7IaPQX,Güneş
3ZKkHPTZTq8z8pokwZiInd,KÖFN
4StjyzjcmZ7a9QncHVf0pu,Simge
5PRW6j58xEEWL4DDVEITKT,Dedublüman
7vyG44Uv5jGIwwm2Ha0nE0,Mavzer Tabancas
6sBSLIunx1Je0Y2T77wpkP,Motive
1CcZoULzFHa8Uhwo6OlQcp,Semicenk
6LnJKrtFnTEGdbWQ2riWCL,Ezhel
6CPZWzcKiOKkHn4L2XI4i2,cakal
5JJc8is4VzgOz8ZanDj18J,Arem Ozguc
4xklx5DAtVru5uf3vSXTgf,Arman Aydin
51DevdOxIJin6DB1FXJpD1,UZI
3BVPc9s4JXzM6O1InlLxED,Mavi
25gzpFRLdteuie1gW4a4hK,Sakiler
1nFJWl30l3PAHei86OxN0i,Oğuzhan Koç
4otJVkrLLqDF8OxFJOigme,Mavi Gri
2sOq4hJZRAybcz8AvKjDK4,Ahmet Hatipoğlu
6bGOmNBU1AOgttgOjh0ldf,Ati242
4XP7cGw4t8BqZ8Du5q3bHg,Emir Can İğrek
3O6mcOK5C1hkMfwrSkNPMM,Can Koç
27JkefjyyNpoRTWGDIt6Tc,Eftalya Yağcı
2boacFGRX1WIo7NFS8B0F2,Gazapizm
16GyR4WfCnIT2XST4ZLl2B,Melike Şahin
2aZlYOswKNlrwqpuTsckKd,Madrigal
1gta8KxWev006kmzUCM0a5,ATE
1oR56GSDAFgtdKmSl6qU1r,Halodayı
2a2YSCx78HHWVOsCuMpeXz,Burak Bulut
64d1rUxfizSAOE9UbMnUZd,Sezen Aksu
4Vr0nv4nM4aqWfj76zDTTp,Yaşlı Amca
5ixQSDvAMa5O758xG8MWXT,mor ve ötesi
2SqjgMx7edUilMzPosMR1P,Tekir
0PhqM7UAxtvWYi5j4MwxSl,Dolu Kadehi Ters Tut
1dvuibBCx9TnbCKIdOEF4l,Sedef Sebüktekin
2hiKZUSxd7c4Ab57KAQ3SW,Rei 6
1mpOD8ZwHnbsryIuXWq0R1,Zeynep Bastık
7DDrfx7EEOeHSZUkpTIn59,Berkay Altunyay
6UCQYrcJ6wab6gnQ89OJFh,Headie One
4UWWa5dKgTLAx8mv6Ju6X1,venbee
3yDDYheQFqfhKZXdjFQuuP,goddard.
2o5jDhtHVPhrJdv3cEQ99Z,Tiësto
45dkTj5sMRSjrmBSBeiHym,Tate McRae
4Dokdwa3WB7ilQ2c2qvIBL,Bugzy Malone
6ZzzrehTAdrM8y6saVjtoN,TeeDee
6AMd49uBDJfhf30Ak2QR5s,Coi Leray
3GxKJzJK4LpsYGXQrw77wz,Mimi Webb
1zNqDE7qDGCsyzJwohVaoX,Anne-Marie
2PJEagPIxaBugeMjIyKVXF,Aitch
4GNC7GD6oZMSxPGyXy4MNB,Lewis Capaldi
6vWDO969PvNqNYHIOW5v0m,Beyoncé
2jku7tDXc6XoB6MO2hFuqg,Tory Lanez
7kjSuFGKhLm8b5qXoMhRkJ,Libianca
4XC335ouK6pXyq4QiIb8bP,Eliza Rose
6uJ51uV5rYzu1MJkC4CceI,Interplanetary Criminal
0C0XlULifJtAgn6ZNCW2eu,The Killers
49jTY62Cpw3RYo4dLuG43W,Cian Ducrot
4gzpq5DPGxSnKTe4SA8HAU,Coldplay
0HxX6imltnNXJyQhu4nsiO,LF SYSTEM
1nzgtKYFckznkcVMR3Gg4z,KSI
1GmsPCcpKgF9OhlNXjOsbS,Lizzy McAlpine
7CajNmpbOovFoOoasH2HaY,Calvin Harris
3KedxarmBCyFBevnqQHy3P,Jessie Reyez
6DgP9otnZw5z6daOntINxp,Joel Corry
5SHxzwjek1Pipl1Yk11UHv,Tom Grennan
6a3WaWgxrVmNIvaiTCI0Kk,Artigeardit
2eBqkaIfoNsOPCQCQEy5fD,Benny Jamz
2KbikmQKGiUPR2ARs1h0sq,Gilli
2d7AMvzFwh5wUTuqQl3BAE,KESI
2X22Hm97hQA8mFjSrn2foA,B.O.C
2rR0cafJvL0JVTC8E2qIqt,Saveus
7c7ZeiPKWHf2E1rsf1P4VF,Medina
5RaTuqY7SJHvh6MNzMagut,D1MA
1w2fVGZN37TieWhlqS8UwB,Tobias Rahim
4ZwOlDVAGXQo66ykbLQ8dP,Lamin
4ysmSq2N7badobfVT6YZ82,Gobs
43BxCL6t4c73BQnIJtry5v,James Hype
45ruzGUmIr8WLjLOPJ9mGU,Miggy Dela Rosa
6aHaYKL09sA8L260zXNlVR,andreas odbjerg
3QSQFmccmX81fWCUSPTS7y,Dean Lewis
3RYYha3CC7js2PHbcBHewt,ICEKIID
7wy9Plp8SD5l3LDuJubTcv,Jimilian
1YwMnnHvnG64fJxYSVwmN6,Branco
2zz39zNTuS1kmfa5qLMblM,Niels Brandt
21gbsnlPT5hyxKDKHsBtQj,Stepz
6idjJt47PjFydVRrAlNw4C,Hans Philip
0OhwwB6b7ugDTS41UT4YJS,Danser Med Piger
6GTwMrB4u3hwcUyc9sU1UL,The Minds Of 99
7iK8PXO48WeuP03g8YR51W,Myke Towers
0niAkxgT6y57bRbT0Ge94z,LiL CaKe
48R2gYdPKtfnfKAzhSVPUx,Migrantes
0uxYECT7XqHNccQAg5Uhe4,Nico Valdi
3m5qlPf2OkihLz3dRYnkPA,Ovy On The Drums
4VMYDCV2IEDYJArk749S6m,Daddy Yankee
3lY9Fxceu60W1rbon7PkuF,Omar Montes
1Yj5Xey7kTwvZla8sqdsdE,Cris Mj
1bAftSH8umNcGZ0uyV7LMg,Duki
2UZIAOlrnyZmyzt1nuXr9y,Nicki Nicole
0rjms710nwQTdrQheXHJfz,Standly
2NZD6Gqfk60GEcAAnJKVsR,Stars Music Chile
5fmYDIdgEkSgLdL6esxgfp,Belén Aguilera
0Q8NcsJwoCbZOHHW63su5S,Mora
790FomKkXshlbRYZFtlgla,KAROL G
2CCgb0KApjfQDuTppovpf8,Rvfv
4az97MtWmBQ5Db3GfDh9j9,Morad
2f6TzIGIIxEuwp6o7kEbhy,Pablo Mas
1mcTU81TzQhprhouKaTkpq,Rauw Alejandro
14zUHaJZo1mnYtn6IBRaRP,Justin Quiles
1wZtkThiXbVNtj6hee6dz9,Wisin & Yandel
6nVcHLIgY5pE2YCl8ubca1,Jhayco
5jNjbQYkujIbjSvvKroBlv,Subelo NEO
5Y3MV9DZ0d87NnVm56qSY1,Tiago PZK
768O5GliF0bqscyghggrbE,Polimá Westcoast
0FwnPHExlRRxEZPLAi5tmG,JC Reyes
4axKuDPr6WKcDCyh8vueTY,Luar La L
7dL0nOHwnSAsNAwpkPSGWP,sangiovanni
7eLcDZDYHXZCebtQmVFL25,Aitana
0GgyFUpOyzWDRDqx8FCTDN,Baby Rasta
1UdLtKAD4FbM7r2XCfAWAs,william
1hIZRiy8VLKDzZSk1SyjvP,Korelon
3YC5DVJDjyazvB8hxJSybr,KUUMAA
6LkMGN0t3HDNL8hIvma70r,Käärijä
3bAa4FKwIgwWYHdaUJicmE,BEHM
4cmLVUbkth6BauCptSGKsV,Lauri Haav
5sDIQrB2V7pRAdNM8dEc7g,Gettomasa
3kKa5RWsRwK2f5Xu2RHBB7,Jore & Zpoppa
04UpsyroM3wyQYwhYd9mSv,Portion Boys
4CvGI7cUCGi7gcG0X0nrwc,TUULI
5BTRN678gL6XT4kv3TBopQ,Costi
2Pn8JMNrnRnSpNRPPgtiWA,ibe
3aXzx5ES0capjaDyvYsdRI,Sebastian Noto
5DEU6xCvrSgrpI5GsMFZng,Keira
5FgAhHocNrSCn7Ox87uyef,Benjamin
2JSX0lIYekUp6F301cTHkq,Sexmane
5ZZqIQ25HQmufjjf2trwFO,Cheek
7pRRxojl7QoW1M7s4Zhxo4,Blacflaco
3Lc2yroP05lRK5z9NtQTkc,Etta
3OrwN1mr1zEbdm0OqnPphh,VIIVI
4Q4b4S784htx6DtxcMUfMO,Robin Packalen
0hidKEfknd2aNabseugaN2,SHRTY
7CPIskNnQ0GYgQa3NkcLMf,Jami Faltin
5SpJ7wupgkKXKKpMATIhe9,Van Hegen
4qojHFVaMgvpZZ1LW0L9To,Tuure Boelius
4e9ntSageEujJboJQBXtCd,Ollie
2E93OTghhH2JKYUWt48gFK,AHTI
35HMF6Y8dSzNfeJs3X65fw,Alessandra
4Qk8DhjJRW0Dwd039aVOfr,pehmoaino
3OElmmR1D18e4dPTISAF5r,Roope Salminen & Koirat
5zod5X1F6ZTshIfpg2vVAF,Kiki
55mdlQp6zN8zdyIYB9DDQj,JVG
3aD9K1zaLQ3G7yp9XV5E4D,Isac Elliot
0JTMRuiDzOCjWuYtWMgv2s,Haloo Helsinki!
0lAWpj5szCSwM4rUMHYmrr,Måneskin
74NBPbyyftqJ4SpDZ4c1Ed,Tom Morello
6IKJyoGeFRCRDb90U6AEzp,Turisti
7DdW8Ert3Z36hb1FkaZWiI,Elastinen
1zNcOiKaCyEKnoHpc8QNra,Joe L
63RF3q8ejWJup6nAPb3KLw,BESS
1HY2Jd0NmPuamShAr6KMms,Lady Gaga
0PI47Yot4sf9TVpnINMnPC,Ramses II
7LmtogB01302Utf3C3R4GT,GAULOIS
6Te49r3A6f5BiIgBRxH7FH,Ninho
7IlRNXHjoOCgEAWN5qYksg,Aya Nakamura
54kCbQZaZWHnwwj9VP2hn4,Zola
2ubn2zwyYaLdHOCKnTouU2,Ziak
6L34dW6SKMSDaGIfYDU19j,Maes
5gqmbbfjcikQBzPB5Hv13I,Gazo
3vUMXQ9kPnZAQkMkZZ7Hfh,Tiakola
0LKAV3zJ8a8AIGnyc5OvfB,SDM
20pbz4TbpkBUr5JwYfGgPS,Kekra
7yeFMUrYTY5cAZx0GKXnti,Alpha Wann
2sBKOwN0fSjx39VtL2WpjJ,La Fève
20JMfmzDb5cjHxEoMXXMyY,Favé
2s7fZ34RK8RUJQ2ewsh6I5,RK
2UwqpfQtNuhBwviIC0f2ie,Damso
3YBJLs7RqR0aPGBgU27nDh,Werenoi
7jVv8c5Fj3E9VhNjxT4snq,Lil Nas X
75oAxYtjhDyLttgvGwQIvM,Aime Simone
0GgY7hjMoGDsX8ZDe2mwds,Soolking
7CUFPNi1TU8RowpnFRSsZV,Niska
1Yfe3ONJlioHys7jwHdfVm,Lomepal
5gs4Sm2WQUkcGeikMcVHbh,Hamza
4FpJcNgOvIpSBeJgRg3OfN,Orelsan
3QVolfxko2UyCOtexhVTli,Angèle
13mm5rU1jvWfWG6uQ46ypd,Pierre de Maere
2z2TRvloJt4EfUNQp9rHAi,Alonzo
6W5uA6CNMf3hd2j4a2XWCx,Naps
5qisLjDrKoHMI9zOK2hfzs,Mister V
1nRbtbdYK51y71nVOxu332,Kerchak
4MRRW42s9ymwa5zu4xTKJh,Kaza
5OLkn5GT6EcMuJzjwgvQnu,Vacra
1lB3I3SI30v2ZOpR4XQqzJ,Gambi
5xSXFYJ9xBDUBxF5VUKDZR,Dertay
5pKCCKE2ajJHZ9KAiaK11H,Rihanna
7a35Zdc78bDXJv2vYf5hSO,Beendo Z
5fg02ZNJViLdPyxJnRdcsi,Zoë Tauran
5vmwWgrlwCfHm1P0vdDFbU,Maan
6mS5GeFyhea6w9OKo8PO3p,Goldband
205nyHBi0lspcUT37YqWom,Claude
0Jsk5iYMr5aNjHury7blm1,Boef
1uBw9o9xJfe2H3geRocQq4,Cristian D
1uUuCEXmWpKN2YLl5xSoT2,$hirak
5wV3FoaNbDB6X9INuQvs1K,Bilal Wahib
6ipBn3QaHmCnlaDetcvgRl,Fabienne Bergmans
0YLlTW9rW7ZCy2cA2u3RYk,FLEMMING
77IW5ZK1smDQYYKDCQugXh,Suzan & Freek
7DpYMZzVNrjqw1geHziUEd,KA
3qV1LDx1ZWWJVdnLuVXAB5,Vlins
2ifdw2Mu8P2fCey9VLhuu2,Laura Yasmin
0MBLQbpbPvJ4oXM0Cj4aKR,Trobi
5eir5zFJpES4j7gsymbVyl,Ronnie Flex
4LcUpNlXFEleaLlelmkv2R,Kris Kross Amsterdam
5sBoNBXFMzoZjgHLbQueeG,Antoon
6OQggpm01CmAB717TKtDCr,Dopebwoy
7hdCH3dJ27WvUbo00gAMwE,Metejoor
5oNWzcU0mYK1zDUxBGHIaG,Hannah Mae
6INEFmHKLhMIJAQzHUBAMd,Lijpe
0IxgA9wO4Op3CSnPlhfwV1,Kevin
4bL2B6hmLlMWnUEZnorEtG,Felix Jaehn
4e0nWw2r4BoQSKPQ2zpU13,Ray Dalton
7f5Zgnp2spUuuzKplmRkt7,Lost Frequencies
67MNhiAICFY6Pwc2YxCO0K,Elley Duhé
3NPpFNZtSTHheNBaWC82rB,X Ambassadors
4lgrPvofm0IT605L9OrOTN,Jengi
1g9nyCbUH0kbNgXAsw7tUB,Bankzitters
5GvMLzUp6tMBpaCbr903RN,Broederliefde
4xDh11zptvPADSQxvbiClo,KATNUF
3gPtUdMiLkJgmQIxFpEhAk,Jinho 9
0xRXCcSX89eobfrshSVdyu,MEDUZA
5344K3N7rx7kw1HjO8psuq,James Carter
56Qz2XwGj7FxnNKrfkWjnb,FAST BOY
6eUKZXaKkcviH0Ku9w2n3V,Ed Sheeran
4hj9dun9KpnBukLv7Hgfkr,RONDÉ
66Q9dkZ7EXdwU2h6tEkUdC,Isabèl Usher
3ZpEKRjHaHANcpk10u6Ntq,Ayra Starr
3GIadM69XShFZNB3gP67Td,Emma Steinbakken
24Lqq3mnesl7IljSVFEBEO,Hver gang vi møtes
5kZZsRShoba2QQpDAv9P0B,Isah
3rTRHzFfbTk5GL3LpYZGHR,Maria Mena
6w3Rnp6LwJ0BdWgHBiMlqN,JONE
1CfY8GMX1i8Wd0OVlXt0MG,Silke
4wqjUmydj8rX3foHUjNOtB,Chris Abolade
46pSx5MtwhorubZuHbwM0Q,Arif Murakami
3X23gpg1vPacr0hBARyxtN,Karpe
1Xylc3o4UrD53lo9CvFvVg,Zara Larsson
2z33akYL15RgrP5P51vhvx,Henrik von Grogg
1X6PpxnCUPaBW9dFnckNO3,Henrik Viken
3836OTICMPjhTMMcpPw4EC,Broiler
3bprEfGCk6tljbWjtvGQH5,PandaPanda
54NKhABnyGAvbek0n63TAu,Aden Foyer
11Vny8qHe4KR50ZIjhz7sz,Bjørn Eidsvåg
46XcyK8FnyCJJlvYCUwVZH,Hkeem
0G7lEqLdSyAiUGMB1P9nsh,Makosir
2HAShHcL0dMLf1iNzmxTi3,Freddy Kalas
3EaDukxGx5viO0MTLW1a5X,Morgan Sulele
4ODEL6BNYKlXrfMUsHMK5P,William Gamborg
7KjsjftPKKarTvZlawniPi,Marstein
7GgWpPrcNYH90st7I3nJtv,Ballinciaga
7lGq0g80TaLqM8uT9HLAni,David Mokel
59WNMskn4tSvgnWKXHXj61,Kamelen
5fWn9g8ERHtGKWdkAuomBx,Tessa Odden
2rvUlmaAfN7eKSVAcaRj9t,vinni
7bD3cjwHYADj9rsonLyx7U,Omar Sheriff
0kKygNaCQjqVLrImIftRDJ,Einár
2Dor6diK1zw9BEluKBOdoA,23
3loTvAld5Tpk5aSNbboGpj,Rasmus Gozzi
6RjsbK9T7d1UQD1PFEYYGt,FRÖKEN SNUSK
6RJXSfbIkEMoCJ8GAg2dVO,Victor Leksell
5uvOG0MwnD2ANrxNBUPtNr,1.Cuz
6eWjyO1r0QlvsIuIIcgGxI,C.Gambino
04HqRx07Bv9gh7rsrMTqs7,Miss Li
55ZGFvikpNjQHvtTWS5aZF,Bolaget
1aA5OGASCVhznQYm71BMYg,Babblarna
054fVwphDX8QB8Pm7IjRcL,Hooja
51TXQniEQkYh89tfLjiuSy,Ant Wan
73nQT8Arf05XV666SlvrVQ,Humlan Djojj
42OtrLDsfIE3pD915uvaju,Josefine Götestam
6rYEqmajzlhGVaayOJ2bpJ,Yasin
7iW0o1suit8xY24m9M5L0u,De Vet Du
2ykUp1K8tRaOUFd8vvcwXl,B3nte
4TNb6OInXahdseLnzAY1eL,Ringnes-Ronny
2xQUbkvQFCU8DpdBFbMfLq,Hanna Ferm
4mh3iy6yf2oZYSiy2fdccM,Molly Hammar
2EWsHDexsSInArfFkhA2i6,Jireel
4uAXlCewJdAu44uAHehKfd,Elov & Beny
7LBwVPl8kIn3I949KmBVim,Sofie Svensson & Dom Där
5U2TzkbKD84n8gHhZtL3Ui,Daniela Rathana
295SPRt7YTtIPdYoMkkF7K,ODZ
5ILMkt5lW4KAyTXMNYWaGF,Dani M
46kV0QPO6PgUjtP69hvbfI,Sebastian Stakset
4QcudLddRQCbX8wrs6i2Gt,A36
1rKFeRryEci6cxNkdvHzNr,Darin
2Osj5g9VkHReOlZgfoEQao,estraden
2lLqHBjAnD1QyH24pOPoH6,Peg Parnevik
6yAKbgaSH283c7eAZVgk3P,LOAM
31KGMx2XwpugdUpJzeZOv1,Naod
2r9JAY6ISvp0VvZsT6cBJo,Shiro
4oUHIQIBe0LHzYfvXNW4QM,Morgan Wallen
40ZNYROS4zLfyyBSs2PGe2,Zach Bryan
4NZvixzsSefsNiIqXn0NDe,Maggie Rogers
6l3HvQ5sa6mXTsMTB19rO5,J. Cole
3win9vGIxFfBRag9S63wwf,Bailey Zimmerman
3IJ21966TwNZI24MwZHMu4,Baby Tate
1U1el3k54VvEUzo3ybLPlM,Kali Uchis
35WVTyRnKAoaGExqgktVyb,Hotel Ugly
3Sz7ZnJQBIHsXLUSo0OQtM,Mac DeMarco
4MvZhE1iuzttcoyepkpfdF,ThxSoMch
74KM79TiuVKeVCqs8QtB0B,Sabrina Carpenter
7iWcRnQMinCoV2u5ICgsW0,Udo Lindenberg
1qQLhymHXFPtP5U8KNKsm6,Apache 207
2rEVnwCPBeGkWMv425KoG1,AYLIVA
5wyWp867LWGjFmYZXVSFnZ,MERO
3CJKkU0XuElRT1z8rEtIYg,Luciano
6veh5zbFpm31XsPdjBgPER,BIA
1aS5tqEs9ci5P9KD9tZWa6,Bonez MC
5eioJDe26lOqkAMbuhzZYs,Gzuz
5pVRwX5ZQR7hfJ18w8ZYkl,Ufo361
2hlmm7s2ICUX0LVIhVFlZQ,Gunna
4sVieJlKgpZ2k9ESNS5IdN,Jamule
6rqlONGmPuP2wJVSfliLBI,Peter Fox
6zBax4hSAI1BJYgwF61EP5,Inéz
2kS9NyuATpYwjeB93h24H5,Nina Chuba
0Dvx6p8JDyzeOPGmaCIH1L,RAF Camora
76dRoxKtDwYkgCQePok9cU,Miksu / Macloud
6ARKr2ZoLf9TDoQiZarJMt,makko
0lNJF6sbrXXPubqKkkyK23,Mayberg
2y1hE8dFL9AyW2Zs7K5UiI,Henny
58Wsq5pz5tOvWXBR8hOfxg,Breskvica
4Jd9XCHzRXTB7ZPPVzJoUm,Milano
2Diqn1jFkehRd9MVDGKGdq,Eddin
07SFzTMeYf5P8Rd32a9Zzw,AK AUSSERKONTROLLE
34LetYSjEuG2fBb4Z8PwPg,Pashanim
5BcAKTbp20cv7tC5VqPFoC,Macklemore & Ryan Lewis
3JhNCzhSMTxs9WLGJJxWOY,Macklemore
4myTppRgh0rojLxx8RycOp,Ryan Lewis
21dVknSLCsK37cWozWDZZS,Matt Sassari
1OJvqVmekd5OPxlTeHmlBl,Ion Miles
2HIP5sNZWkrPgSBWRk8XpA,SIRA
3mmI5HKArDwgggj4j0aJyC,BHZ
3tQzzidoPfVifoURnDfgmD,t-low
2ysnwxxNtSgbb9t1m2Ur4j,George Ezra
5rGrDvrLOV2VV8SCFVGWlj,Imanbek
0Upxnyh9nIUNSOmNE8WF4R,BYOR
1bpI6QDUqmfKmV0Tlhj0Jm,Pajel
2NJWI8byqTSqDaJRnqJY2z,KALIM
41qfKbF6qreDxiWBmOX39N,Elai
6ydoSd3N2mwgwBHtF6K7eX,Calum Scott
4yvcSjfu4PC0CYQyLy4wSq,Glass Animals
6wH6iStAh4KIaWfuhf0NYM,Manu Chao
3PhoLpVuITZKcymswpck5b,Elton John
6M2wZ9GZgrQXHCFfjv46we,Dua Lipa
6n28c9qs9hNGriNa72b26u,PNAU
0dLWSYE7my9AbpQYNJ0ABV,Oscar and the Wolf
2gW0M5fn2r7Lo4Hn1r8HZ5,Creeds
3zGV7t4BDmYZBLVA24487b,Pommelien Thijs
10exVja0key0uqUkk6LJRT,Vance Joy
6h1s4i4XKIYv4ErDelLDN0,Samra
3pVfscwg2QxhdHtk966inb,The Cratez
4Yttlv9ndGjCDCVLqM7ACq,Sido
4lDiJcOJ2GLCK6p9q5BgfK,Kontra K
5ZY4M2aGiTaZQEP6HfqeJc,Montez
1GVuCyb4PlArufUZDUnRQi,southstar
0VlrorDSkEbLK1D6VvMgd2,Rubi
1H2agrqo1Y8alTi5Wde6UG,FABE BROWN
36caCzfSrrL7a8Mvd1SuRr,Chapo102
4buOxWb52Ct3BVQQA2R0YM,LIKA
6CP5wWvO8oIxedESJNCN4H,Ski Aggu
7uK2QScoOUkqq8tvtvBIL7,Endzone
2mkCm5VNJTplOKJxcDYMpa,Ericson
2EahEAOUPPXAcncTr8laCj,MADE
054k3bx4tpjx1tfypvq3eq,Bobby Vandamme
3Wxidvy1joh0HaRNyvpIdb,Dorian
2Im8m4STDBosjfmb5hmP80,Loredana
50ZzowkYhUZZ2uGZSXqJbE,Florian Künstler
3eAOH2az3fQIfX2UAw0FfC,L.A.B.
5he5w2lnU9x7JFhnwcekXX,Skrillex
4oLeXFyACqeem2VImYeBFe,Fred again..
07CimrZi5vs9iEao47TNQ4,Flowdan
20cmhoGvN0eyzhmsHJH1Mg,Luude
5KORW1YGiERJqfuYjXMCyz,Mattafix
246dkjvS1zLTtiykXe5h60,Post Malone
5cj0lLjcoR7YOSnhnX0Po5,Doja Cat
08GQAI4eElDnROBrJRGE0X,Fleetwood Mac
1caoBfXJrbKCwIaTzGkyHn,SIX60
6nxWCVXbOlEVRexSbLsTer,Flume
5J8UACGRZtDb4WdOzo9YJN,MAY-A
56oDRnqbIiwx4mymNEv7dS,Lizzo
718COspgdWOnwOFpJHRZHS,Luke Combs
7qmpXeNz2ojlMl2EEfkeLs,Nicky Youre
38PzLQE4GW8o7A18oGhi0x,dazy
3MZsBdqDrRTJihTHQrO6Dq,Joji
5KNNVgR6LBIABRIomyCwKJ,Dermot Kennedy
3mIj9lX2MWuHmhNCA7LSCW,The 1975
40FM4DObTM5OGDcH1Q9V3m,Denequia
7u5bNn2N9tVJtmxMflxj52,Yasmin Gray
39PpUkKS1ul0OKtz72q0qE,RODA
4zhMand4AowXuUz4VpGiTJ,Bárbara Bandeira
1pPbDeOdNUcLq32HTTLbZm,Ivandro
7F2utINZ6tSokSiZTQBE27,Guè
7K80yOTC0Id95gRaOxDG5u,ANNA
23TFHmajVfBtlRx5MXqgoz,Sfera Ebbasta
7FeObngbQ0GY3SojNwKdKn,Bresh
5YV5crRpcdknHgEzystZHr,SHUNE
1MRiIeZbc0cRuxOafDUCtH,BLANCO
27LlKWxS3KXW7RRAxN5S8s,Geolier
2K5nCggbhSZ00YCYP5qkZS,Shiva
3lbFUmlaNMa9ZVSabLlkhn,Medy
5SulO4l40qDuV9zUGLZx7n,Capo Plaza
0jdNdfi4vAuVi7a6cPDFBM,Lazza
76UCIJTB0jcJvBaL0CdIqx,Takagi & Ketra
1K7IC4qha4KEXySo6yZmnH,Michelangelo
6RdcIWVKYYzNzjQRd3oyHS,Pinguini Tattici Nucleari
0EqkKYDK9EkKY5N7zU3FPv,Annalisa
19i93sA0D7yS9dYoVNBqAA,thasup
24oVOFAARWAYUb1LaedbI0,Icy Subzero
1KQJOTeIMbixtnSWY4sYs2,Paky
3IW7ScrzXmPvZhB27hmfgy,Jul
3fhMfkPPzksWuw0hEm4ldm,Ernia
63pCdEiziMCDjGOdM1XCrJ,Junior K
5iot8OPcosJN9nCl7I5SdK,Irama
35V1WomiedCJeGfupcPm7s,Tananai
1El4YQA8oCXX7ynFSxRTFq,Massimo Pericolo
5dXlc7MnpaTeUIsHLVe3n4,Coez
2aya6KuqjXEhHBqYKsTPLs,Rose Villain
3hBQ4zniNdQf1cqqo6hzuW,Salmo
5AZuEF0feCXMkUCwQiQlW7,Marracash
754BUADwzMYecBgOoBaetK,Neima Ezza
61bQ4nwIioR8w6PGxzpyY3,Rondodasosa
1DjrwkyosB44sfSdm6fT6O,club2020
1oxn6cQ37twQ7yGnlE3ETd,Oki
4zvO09rVUIVTeALhs6xLoB,Otsochodzi
7CJgLPEqiIRuneZSolpawQ,Taco Hemingway
0iBTVnJ1Sff92zCDujfvyJ,Young Leosia
1CEONobXawu0XPgPhgTD5a,Dwa Sławy
6f3oixxZSgRKOW2CSqOFqM,Gruby Mielzky
0MIG6gMcQTSvFbKvUwK0id,Mata
3rnzk5HZE15IjAp0yiP41m,2115
0LX2VNf5w4iOHW1yyIqb74,Bedoes 2115
4nPxrGG7k7aEKmNLsfX4cd,White 2115
2IHoZ3RrDJIikMRsYgHjhy,Kizo
58n40EtcUlarXICnPb9ohx,BeMelo
7ubpSmIID5osd0LZkksfnQ,Gory
2RIWb22QZmud0Ik6Ad7dS1,Kuban
16TsNPlesuA1R9kPLS6nta,Favst
0TMvoNR0AIJV138mHY6jdE,sanah
0Wi2fADbhwXlPUWxBmzo99,Szpaku
1T4HxOYolAEb5PadIVKdWZ,Gibbs
0mnfjy5rfAQk4dFCiKeaAI,Kiełas
7jrtLe4eVfWhYWZn5vsopg,Hinol Polska Wersja
0BBB9DjvskQV0oReJMxTP1,Jano Polska Wersja
7jr5OpV6K3nyqwKbbwcYR3,Polska Wersja
726tAAHoBnNpFvjHLZHsN4,Miszel
4Q3xLVaD2uBZGVxmCYuSkt,Kabe
14M41VoNuxxvBXaigqZ9D9,CatchUp
1yq2JzsqbzFbJ1B7wGOXLc,Young Igi
1Kjs5u8GQf6zCFdTj6SI9E,Malik Montana
2rbgb3tDxDpfhaN10sQzzE,Szamz
5NmRijhUHZnaADekOLcOyl,Avi
7BIHYaTeyOxOKV7EyHF0Z4,Oskar83
53UpeT3katrOaJmhSiRp2a,@atutowy
1dkyORGHN0TOmjzu5qCO45,Kronkel Dom
7rRsXnU1mpJwuBNMwH0Tsn,Dj Decks
1yHuIobOmFg6Fjo9OosOip,WoLa
6EB8VE9f7Ut6NOgviN6gDW,Dawid Podsiadło
2FtYzWBUVhZ2vfy8S207Zf,Kuqe 2115
71tiWMKZ5wpl6E0BdwVQza,Blacha 2115
56znIsN2NyCMzIctR2xknQ,Flexxy 2115
5CbbOjtGnLPHyQj6ml7WLL,Cyrko
0QR764k0D36npmTMWx5bft,Żabson
7v49oVVUhvIQG5EK0jkcF7,PRO8L3M
3U5Oag04Yl2WnvPULOlsMD,Kukon
5P2MqlvPHysck4DS90dBaW,Baltik Beatz
6jSShb0II1n6RNMCmqBSSM,Phunk'ill
1FIoGhkDJAWOqXT1I85GRC,WERSOW
3bSbo5ZCbrTle7S2q8nqf8,Kazior
0Kwf0zcciIFGLCKiqNcO6Q,SRNO
3nFkdlSjzX9mRTtwJOzDYB,JAY-Z
5K4W6rqBFWDnAN6FQUkS6x,Kanye West
1zV9UjTUevjp5VUddqIUUn,Mr Hudson
6Cs6aWlXUQ15Kxt411g1W2,QueQuality
6QfFTZJHFSe9Xyes6DkAli,ReTo
1ulO81VOUFqMTv0suMjXOS,Wroobel
28sAoA15FJGXV5mkkEvNnb,Polski Bandyta
6TtI28JVtV3RufOCwLvHod,MC K.K
6Eni0bpQP6Z3G2CIN7VJRh,Dj TG Beats
2aBp5B1hhPlvVWbocbfA6x,Dj Aurélio
03R5vvmqjPsxS7Y5be6IAY,MC Lipivox
7lc98VPDdogFv3eLfCX7sq,Mc Tato
685uhJgfQlrMNuarOzgyea,DJ Ak beats
10okQWuBo3LEA8HSZ1VUMT,Bárbara Tinoco
33yjk1kQbu7otNngO5pQb8,MC MENOR HR
3hXocXy7cs7SZ1JLZUgKBp,MC MENOR SG
65tpb4BwAnD3HOUs8MC6TB,DJ ESCOBAR
68YeXpLt3jB7JHQS5ZjMGo,Teto
3MrDVzg7ZXaYMyQmbDInr7,WIU
5nP8x4uEFjAAmDzwOEc9b8,Matuê
7crp1tZcefnjT5RuL6WZQ0,Slow J
4h5zTnUibCdGWia43hOo5y,D.A.M.A
3B6lsop4CFEdGzlCksiL6R,Buba Espinho
6QHREBOQktWsYBfrxW93rk,T-Rex
75i9GaW2MJUgt4BkdUnuUY,MC Ryan SP
0gHj4MPwwcZ8Zl9CY0hqT5,Mc Paiva ZS
210Sy1oGhvPu929TKoSVcN,Kotim
7FNnA9vBm6EKceENgCGRMb,Anitta
3PZTvUS5fUUhV3EKAjqdZk,Mc Danny
0Otd1ReHJtVAzwAuRj09Zg,HITMAKER
2MREhFiavCOZXs0thPLuWu,Kappa Jotta
0XWmIDUMxka9p2aayQ9MOr,MUN
0QoKkMC6uy7fUng96fab1I,Mizzy Miles
5iZ6jMDkRa7RKLQplJuQUC,Piruka
39HJXjH5hKcCzaU0g6mv8G,Plutonio
5lal0BjsooQ7ON4t7B73bp,DJ Jeeh FDC
4EMRE0wdcc2xjv1PCmTqUU,MC Menor MT
0pVJXCGsBydS7rq0R4w4hm,Yuri Redicopa
5kfgervAs5bJUOC0vbYB12,Mc Pelé
2swvbEAfN70ZFcQB4Y7MaS,Richie Campbell
6YzSM19LzpLH0nVKKU6Jsy,Mc Daniel
7cmuxPnXRJxwuYDHfbD8Eu,Zé Felipe
2CKOmarVWvWqkNWUatHCex,Ana Castela
5kVgcCdPbeUwxBqWxi2Ktl,Luan Pereira
4PzYKhC14sTJNEr0dzoo0d,Luísa Sonza
5YwzDz4RJfTiMHS4tdR5Lf,Xamã
0E0XPqa6BzxSkhmhvzA3k2,Matias Damásio
0JjPiLQNgAFaEkwoy56B1C,L7NNON
6Us5Zsn5MAHBk7SHBUsG5X,DJ Biel do Furduncinho
7Jb6GR4PIxHSkDJK8MWuVg,Bianca
1yR65psqiazQpeM79CcGh8,Marília Mendonça
0DwdA5ZgTJcIQ2uIhc110D,Keung To
5tRk0bqMQubKAVowp35XtC,MC 張天賦
1qW9Pi35NXnu7Q8KWyVYe6,陳卓賢 Ian
2G4Ntbg3dYqkUAGrMUZ0U7,Anson Lo 盧瀚霆
6V1SwiosQqf5XvmoTMCGa9,Dear Jane
4EXI1ieJe2VDbvNsKOaNQL,Jay Fung
5jewGMrZtMNJk5OsZ61Cpo,Edan 呂爵安
1IDuSpntFl2Mutofvrrutc,Jason Chan
4F0XzHNcfvvA2I0rGqIwAQ,Leo Ku
3dayhmhJfL4I8w1PuL9MqQ,Tyson Yoshi
2MVfNjocvNrE03cQuxpsWK,Hins Cheung
3wYcmejLVtOoHIq9szUugh,Kaho Hung
6R57JlNKlnNrYaji0vw8xx,Gareth.T
2A7XpBQ8X227lVi5BphdPw,Awdella
6FTLayBxjkQeanFdUusk1I,Fabio Asher
17d3zotBDOZtuWnZPxTf8v,Mario G klau
6bDWAcdtVR3WHz2xtiIPUi,Fujii Kaze
69bG9tC62d8oTFC9aTTosn,New West
3wOsYKZM0zcKNasi3I7fP4,Mahalini
4EiSzlOeMnJcp2U8ayCQ3a,Keisya Levronka
67IN4cLJ7798gUapyZlmac,Zack Tabudlo
1QAJqy2dA3ihHBFIHRphZj,Cigarettes After Sex
70NcAr4ZtA3FAqU16iQZSb,dhruv
2WzaAvm2bBCf4pEhyuDgCY,Ruth B.
6VuMaDnrHyPL1p4EHjYLi7,Charlie Puth
6HaGTQPmzraVmaVxvz6EUc,Jung Kook
3Nrfpe0tUJi4K4DXYWgMUX,BTS
5kjFzBMHeoAx9xksFSwfUW,yuji
54nGORfHS6Uldjlr4QeN7g,putri dahlia
3WGpXCj9YhhfX11TToZcXP,Troye Sivan
6RHTUrRF63xao58xh9FXYJ,IVE
5LWs2DNQhJXiG6X2o4XUpQ,gameboy tetris
2cNMMulo6S2a0tHrwX2s6i,nublu
5NMwoStnfHT4LdETlJSwDT,Big Baby Tape
5B5qmrbTFvA7TAxWruuwbo,Aarne
4hhNfPUZ2kBKGuseRny35w,OLLIE
5hKGLu4Ik88FzWcTPhWNTN,INTERWORLD
586Rqc4ZLh7QPaMkIx1zEN,Karl Killing
5nZADoZFWVB90dHpk5zvXy,villemdrillem
2W6WP4pHQTFlbr2z9S4n54,Kordhell
2xe5h8nbHc1yYGKUVL8zce,Púr Múdd
5hihfLAlypybwPFgjzLJiX,Grete Paia
4PLGCdwxxGsxNXX7G7Spug,STEFAN
5mxB08ktCukEhGMg2YZeEv,Colin Hay
6b0am8pgRC1zqN3iyC7pKO,Bedwetters
0pWwt5vGNzezEhfAcc420Y,Mr.Kitty
15UsOTVnJzReFVN1VCnxy4,XXXTENTACION
2kCcBybjl3SAtIcwdWpUe3,Lil Peep
1tNJibl39hvCIVSnGaiwx5,Hafdís Huld
6opz1Ax3VqCmeQBGax1erx,BRÍET
0MtTfq27LQu7CmE5t308Up,Bubbi Morthens
21SqAOtuXFpwygK1GNxjTm,Auður
46VwdSiSccsgzNhJP9sGhQ,Emmsjé Gauti
2Zy3uwssLs81VYxqIj1Hcv,Diljá
4Gso3d4CscCijv0lmajZWs,Don Toliver
0du5cEVh5yTK9QJze8zA0C,Bruno Mars
0Y5tJX1MQlPlqiwlOH1tJY,Travis Scott
4jfe3cL8wzjPxD9CViP2dW,Aron Can
4YnmlfVdziLiqFQtQ4zTcq,Páll Óskar
5tqcGCzAJeX4ysqiegDC37,Diddú
0CinAWYkte8opxVAPI3nMu,Jessica Shy
1a1qmSRllFcdwBxl2gkc2N,Nombeko Auguste
6tGEkrJVnC6SCjEbNhikSg,dj nevykele
14DnMswKGQIr7vgwyiiLKI,Remis Retro
3QXybJLgpjbDnFxov5C37M,YVA
3VzxSrqMmT8ShjiTFtM69X,Lindensinger
7AczdBjiNUjo4pxVVucvw1,Vaidas Baumila
17IHT4KW6k85SHKiSAssQt,Rokas
56OLtN2Eqc3fMT40ehCj5d,Justinas Jarutis
0dJJpF4ULA7xCU5xwHbCB3,Gabrielius Vagelis
4JgXlDN8sCvwjFeFlWnsuf,ba.
7I3bkknknQkIiatWiupQgD,Beach Weather
2SeRP5iAIhVec4azKHJzjX,INSTASAMKA
3hteYQFiMFbJY7wS0xDymP,Gesaffelstein
3l9G1G9MxH6DaRhwLklaf5,Oscar Maydon
7Gi6gjaWy3DxyilpF1a8Is,Junior H
66ihevNkSYNzRAl44dx6jJ,Carin Leon
5B8ApeENp4bE4EE3LI8jK2,Yuridia
3abT87tqQ4Q5PA5nw6CYyH,Ángela Aguilar
04mzq9GH08zOBRdV2gzmXm,El Padrinito Toys
0pePYDrJGk8gqMRbXrLJC8,Luis R Conriquez
6twEaJ9RPRYiCmWapjG8xh,Tony Aguirre
1gW6pz5n1aK249L0GvfQCC,Grupo Marca Registrada
6OP8Y0UsezppFkU1hZU6EJ,El Chachito
4o0NtnL2m0lzZmEdRas1qv,Ovi
0mA4dkNGiN4fqTBi2SLlAv,Edgardo Nuñez
5n9bMYfz9qss2VOW89EVs2,Bomba Estéreo
4yjm4SvYqC5FFuLbB6TyHr,Bellakath
49EE6lVLgU8sp7dFgPshgM,La Adictiva
1NNRWkhwmcXRimFYSBpB1y,Yng Lvcas
1Ts9of7VPZElwPQnqnDSfW,Lyanno
1GKIlPFdcewHtpDVCQ8zmJ,Brray
1dKdetem2xEmjgvyymzytS,Grupo Firme
4IEP61D1hdCPQVzAYzP9VC,Luis Mexia
7uGhSk7fVURjDaiXW1FSbL,La Maquinaria Norteña
0XwVARXT135rw8lyw1EeWP,Christian Nodal
7vXDAI8JwjW531ouMGbfcp,TINI
1bfl0AU8SqmLkElptOprhC,Julión Álvarez y su Norteño Banda
0vjeBgTzYTwmYoVySJzXGD,Virlan Garcia
3cbOif2nNznwEiNw9Ty8NJ,Angel Cervantes
