spotify_id,created_at,name
0yLdNVWF3Srea0uzk55zFn,2023-02-01 15:47:05.870371,Flowers
4nrPB8O7Y7wsOCJdgXkthe,2023-02-01 15:48:20.045807,"Shakira: Bzrp Music Sessions, Vol. 53"
1Qrg8KqiBpW07V7PNxwwwL,2023-02-01 15:48:20.057808,Kill Bill
2dHHgzDwk4BJdRwy9uXhTO,2023-02-01 15:48:20.062808,Creepin' (with The Weeknd & 21 Savage)
4Dvkj6JhhA12EX05fT7y2e,2023-02-01 15:48:20.074808,As It Was
0NZPBYD5qbEWRs3PrGiRkT,2023-02-01 15:48:20.079808,Unholy (feat. Kim Petras)
4uUG5RXrOk84mYEfFvj3cK,2023-02-01 15:48:20.091808,I'm Good (Blue)
0WtM2NBVQNNJLh6scP13H8,2023-02-01 15:48:20.099807,Calm Down (with Selena Gomez)
4FAKtPVycI4DxoOHC01YqD,2023-02-01 15:48:20.108807,Yandel 150
5WxVXxCMRnvxUKFq40ELwq,2023-02-01 15:48:20.116807,Escapism.
5ww2BF9slyYgNOk37BlC4u,2023-02-01 15:48:20.125808,La Bachata
0V3wPSX9ygBnCm8psDIegu,2023-02-01 15:48:20.131809,Anti-Hero
2mnXxnrX5vCGolNkaFvVeM,2023-02-01 15:48:20.136807,La Jumpa
78Sw5GDo6AlGwTwanjXbGh,2023-02-01 15:48:20.145808,Here With Me
3r8RuvgbX9s7ammBn07D3W,2023-02-01 15:48:20.151808,Ditto
0JXXNGljqupsJaZsgSbMZV,2023-02-01 15:48:20.156807,Sure Thing
2LBqCSwhJGcFQeTHMVGwy3,2023-02-01 15:48:20.161808,Die For You
2tTmW7RDtMQtBk7m2rYeSw,2023-02-01 15:48:20.167808,"Quevedo: Bzrp Music Sessions, Vol. 52"
65FftemJ1DbbZ45DUfHJXE,2023-02-01 15:48:20.176808,OMG
5odlY52u43F5BjByhxg7wg,2023-02-01 15:48:20.182808,golden hour
1zsPaEkglFvxjAhrM8yhpr,2023-02-01 15:48:20.187807,Hey Mor
7jtQIBanIiJOMS6RyCx6jZ,2023-02-01 15:48:20.196808,Another Love
4h9wh7iOZ0GGn8QVp4RAOB,2023-02-01 15:48:20.202807,I Ain't Worried
0QHEIqNKsMoOY5urbzN48u,2023-02-01 15:48:20.207811,Made You Look
1Y3LN4zO1Edc2EluIoSPJN,2023-02-01 15:48:20.214807,Until I Found You (with Em Beihold) - Em Beihold Version
5XeFesFbtLpXzIVDNQP22n,2023-02-01 15:48:20.221808,I Wanna Be Yours
1bDbXMyjaUIooNwFE9wn0N,2023-02-01 15:48:20.226807,Rich Flex
561jH07mF1jHuk7KlaeF0s,2023-02-01 15:48:20.235808,Mockingbird
4sx6NRwL6Ol3V6m9exwGlQ,2023-02-01 15:48:20.241807,Love Again
0vjeOZ3Ft5jvAi9SBFJm1j,2023-02-01 15:48:20.246808,Superhero (Heroes & Villains) [with Future & Chris Brown]
0IKeDy5bT9G0bA7ZixRT4A,2023-02-01 15:48:20.258808,Bebe Dame
54ipXppHLA8U4yqpOFTUhr,2023-02-01 15:48:20.265807,Bones
2CeKVsFFXG4QzA415QygGb,2023-02-01 15:48:20.270808,Feliz Cumpleaños Ferxxo
73vIOb4Q7YN6HeJTbscRx5,2023-02-01 15:48:20.276807,Miss You
3zkyus0njMCL6phZmNNEeN,2023-02-01 15:48:20.283808,LET GO
7MXVkk9YMctZqd1Srtv4MB,2023-02-01 15:48:20.288808,Starboy
567e29TDzLwZwfDuEpGTwo,2023-02-01 15:48:20.296807,STAY (with Justin Bieber)
1xK59OXxi2TAAAbmZK0kBL,2023-02-01 15:48:20.305808,Romantic Homicide
4iZ4pt7kvcaH6Yo8UoZ4s2,2023-02-01 15:48:20.310808,Snooze
4WiQA1AGWHFvaxBU6bHghs,2023-02-01 15:48:20.316807,PUNTO G
6zJejIfVYLgjud3lTk4DLB,2023-02-01 15:48:20.322806,SNAP
6Sq7ltF9Qa7SNFBsV5Cogx,2023-02-01 15:48:20.327808,Me Porto Bonito
4FyesJzVpA39hbYvcseO2d,2023-02-01 15:48:20.335807,Just Wanna Rock
2QjOHCTQ1Jl3zawyYOpxh6,2023-02-01 15:48:20.340809,Sweater Weather
5IgjP7X4th6nMNDh4akUHb,2023-02-01 15:48:20.345807,Under The Influence
1lRtH4FszTrwwlK5gTSbXO,2023-02-01 15:48:20.351807,AMG
4k6Uh1HXdhtusDW5y8Gbvy,2023-02-01 15:48:20.362809,Bad Habit
2mpoNBkngUEwnaKoBhZ0vl,2023-02-01 15:48:20.367808,PRC
54ELExv56KCAB4UP9cOCzC,2023-02-01 15:48:20.376808,Gato de Noche
2SiAcexM2p1yX6joESbehd,2023-02-01 15:48:20.385808,LLYLM
72OVnXDzugvrCU25lMi9au,2023-02-01 15:48:20.980808,"如果可以 - 電影""月老""主題曲"
0USeB0Tykai3QZj5YAUclG,2023-02-01 15:48:21.000808,眼淚記得你 - 電影《想見你》主題曲
07plVccQ0N6FTTTonk3c2M,2023-02-01 15:48:21.010807,閣愛妳一擺
6jNy9WM3zyvG9E5bdVALl8,2023-02-01 15:48:21.020808,好不容易 (《華燈初上》片尾曲)
0a4MMyCrzT0En247IhqZbD,2023-02-01 15:48:21.033807,Hype Boy
6akVETVeqqPVvuBS5e0EB1,2023-02-01 15:48:21.043808,孤勇者 - 《英雄聯盟:雙城之戰》動畫劇集中文主題曲
6XBL9naPxZjATbmGAWGJ9V,2023-02-01 15:48:21.080808,飞鸟和蝉
4fJlSLYLiu5trFCMZdSQDC,2023-02-01 15:48:21.091807,愛情你比我想的閣較偉大 -《當男人戀愛時》電影主題曲
2VEt42QSQxILgEf9B50xxm,2023-02-01 15:48:21.102808,不是因為天氣晴朗才愛你
1IVj6CsBbTgOEpo0W6hgwN,2023-02-01 15:48:21.134807,嘉宾
1pbb71pOKB5iqfkju4NmPj,2023-02-01 15:48:21.151807,0321
0Eh0C7rpC5E0sPy4OcLdsq,2023-02-01 15:48:21.158811,我就想你
27FOde2nUw0pFuj7hlPbaS,2023-02-01 15:48:21.168807,愛人錯過
39HrUxcvKF3jtLz7fUDWXc,2023-02-01 15:48:21.180807,First Love
3CEkc8f1UDvI7kohz3ARpA,2023-02-01 15:48:21.187810,炙愛 - 女聲版
38DlSDrx9tgc5Gfq6y3aBa,2023-02-01 15:48:21.201807,MOONLIGHT SUNRISE
53yiHIP3ptxWtT4ambRcgb,2023-02-01 15:48:21.207815,終究還是因為愛
0KWnRv3wxjltYVB3MqjNd2,2023-02-01 15:48:21.271808,Without You
4QZMBVrBLAvBryj8ZJIIY2,2023-02-01 15:48:21.283808,小城夏天
6la3Kme7O7D01fJPxgpAS5,2023-02-01 15:48:21.300808,訣愛 (劇集《蒼蘭訣》片頭曲)
0FfNFvy5KRRyB2snvK39zL,2023-02-01 15:48:21.320807,I'm Alive
2OR5FUKy3GQ7I9DCbRnfsW,2023-02-01 15:48:21.329808,"最後一堂課 - 《媽,別鬧了!》影集片尾曲"
69zgyr5HVKdInjeKpq1qHa,2023-02-01 15:48:21.339808,"想見你想見你想見你(電視劇""想見你""片尾曲)"
61AZsmFB3VoJdmraMk5ZSn,2023-02-01 15:48:21.349807,VIBE (feat. Jimin of BTS)
69AvckyixY1AIGRYDZ1QnO,2023-02-01 15:48:21.358807,我很好騙
4U0bL1ouvksMgvXU2aKq4O,2023-02-01 15:48:21.368808,间距
4fsQ0K37TOXa3hEQfjEic1,2023-02-01 15:48:21.380807,ANTIFRAGILE
3V2v19gDm4rmRkMwcgS4X2,2023-02-01 15:48:21.386807,有些
6FSOibqLCbhFrmGdqMbwiZ,2023-02-01 15:48:21.400807,Letting Go
6whxKQ0Ocn1FmzpDc7lTHq,2023-02-01 15:48:21.420807,想知道你在想什麼 - 《我吃了那男孩一整年的早餐》電影主題曲
7IiSESHLOtsoEXTlXa0bjJ,2023-02-01 15:48:21.430812,想太多
7tgzj2IqzSgUpxUhjmcF5m,2023-02-01 15:48:21.443807,披星戴月的想你
5zwwW9Oq7ubSxoCGyW1nbY,2023-02-01 15:48:21.453808,Pink Venom
3OC84eKMxRJ4x0Hcwl9i4i,2023-02-01 15:48:21.461808,刻在我心底的名字 (Your Name Engraved Herein) - 電影<刻在你心底的名字>主題曲
6ZxvapmYLdLdRCdIFR0NRQ,2023-02-01 15:48:21.470808,晚风告白
6zjk7Qbwb9DZ4ykUUoqknh,2023-02-01 15:48:21.487807,第ゼロ感
5Y47GrCrjQY44qFv8Gt0Gm,2023-02-01 15:48:21.508809,你不屬於我 - 《比悲傷更悲傷的故事》影集版片尾曲
70ywpHtaToCmnULRT9Vu4p,2023-02-01 15:48:21.518807,親愛的對象 - 《關於我和鬼變成家人的那件事》電影主題曲
0rhI6gvOeCKA502RdJAbfs,2023-02-01 15:48:21.531808,Sugar Rush Ride
6pFxVcn6T4BdP8mfZpTQHZ,2023-02-01 15:48:21.536811,想和你看五月的晚霞
6gOZzuHIApHtAPTelkOMUc,2023-02-01 15:48:21.552807,Somebody Else
4Rt9k4SE8dbfKzngxKJPq9,2023-02-01 15:48:21.558807,擱淺
2pIUpMhHL6L9Z5lnKxJJr9,2023-02-01 15:48:21.572807,Attention
3uvoZKtpufJ9F2ETKGPlh5,2023-02-01 15:48:21.578809,又到天黑
0okYvXKPqzZpj3iZrJH6JK,2023-02-01 15:48:21.877921,DACIA
3WCrBnWabeuTk2wr6UwaYV,2023-02-01 15:48:21.882920,AFFETMEM
4OH5Cd8ZOI1eSgJSC9PYmU,2023-02-01 15:48:21.887921,Antidepresan
7lOGCEsmoHqai3PHS9kbTa,2023-02-01 15:48:21.895923,İMPARATOR
7wANX4VfTwrZrL6inJrqCM,2023-02-01 15:48:21.906921,TALIBANA
4ist5GP5r7UDz9gdsiJmYd,2023-02-01 15:48:21.914921,NKBİ X YAPAMAM - Remix
7toL7Re9rApzIuIFDaLQSe,2023-02-01 15:48:21.929921,Bi' Tek Ben Anlarım
2Nt4eocAv9wi1vHshhSdpF,2023-02-01 15:48:21.938925,VUR
4o4kbDP7DMVFPwAf5D5bj9,2023-02-01 15:48:21.944921,Aşkın Olayım
5ATwkalJ9FnLp7Zcvxo1rl,2023-02-01 15:48:21.953922,Belki
3QopdONAzZHRO1P4UQrNvw,2023-02-01 15:48:21.962922,Fırtınadayım
1MbZ6YY51arGV7mqeAb0y4,2023-02-01 15:48:21.971921,10MG
2Pe8d9oClBgLkkz2N35AiN,2023-02-01 15:48:21.976921,Unutmak Öyle Kolay Mı Sandın
4BeGu2WQNlpiREpmWGHD8U,2023-02-01 15:48:21.987922,Kuğulu Park
7Ebb2WheOGGauCH2wuQB55,2023-02-01 15:48:21.995921,Diyardan Diyara
4wLpDd099QT7TmNpMkFIvT,2023-02-01 15:48:22.007921,ZOR
5flH7FY4ledAQboO5a0XQ5,2023-02-01 15:48:22.012921,SENIN UGRUNA
755Pja1zaA687Vql25NHwP,2023-02-01 15:48:22.017921,Yalanı Bırak
3ABGx9FyeEdMCjDR5TyfdV,2023-02-01 15:48:22.033921,Ölümle Yaşam Arasında
4HuB9A0O1XwmwTVtTgODm8,2023-02-01 15:48:22.049922,25
0XNX9BCSWvEwsdBwUTRhMh,2023-02-01 15:48:22.054921,Kor
4yhO1qzAICkyoN0w2P2Za4,2023-02-01 15:48:22.063921,"deniyorum, ama"
4O9hcXs1ohtbw4xnMU8wfo,2023-02-01 15:48:22.069921,Gökyüzünü Tutamam
13THdxqHT11aSk3G8nUDzZ,2023-02-01 15:48:22.073921,Altüst Olmuşum
2V4rAqDOrVzthQXJ0PpoNW,2023-02-01 15:48:22.082921,HAYIR
7dWOeNUJfixlvUcpZD90YE,2023-02-01 15:48:22.094921,Sevecek Sandım
45dj2Fx0LiZgSuXGnyLDRG,2023-02-01 15:48:22.103921,Olur Mu
10n66m41IGjA2ZulKPK7Ew,2023-02-01 15:48:22.115921,Seni Dert Etmeler
6t18CcJVpnFAoWfcZxiZtk,2023-02-01 15:48:22.119921,Sakladığın Bir Şeyler Var
38QSynLcDBfbETORhSsssH,2023-02-01 15:48:22.129922,Diğer Yarım
7lkqbdBKrsyNNq3xi0LeaY,2023-02-01 15:48:22.137921,NKBİ
5nH1QRipfAJ8Pd9rFu3xHh,2023-02-01 15:48:22.147923,Belki - Akustik
0K2nzvf5Pn6IO0Xyt36iNi,2023-02-01 15:48:22.152923,Özür
0zQ8vXWLqSyBi5bYebveW1,2023-02-01 15:48:22.161921,Cano
7wy9gDTUipeY35NKn45ru5,2023-02-01 15:48:22.166921,Firuze
65tIJClJx8fHo6YW4wVDhi,2023-02-01 15:48:22.171921,Suçlarımdan Biri
05QuKF12UfS8ReyTQKbs4o,2023-02-01 15:48:22.180921,Masal Gibi
0ywlnV6QEZneCbbqLev6qL,2023-02-01 15:48:22.185921,Hep De Yorgun
5UV2oqgMXvlkOvvtK3aT7f,2023-02-01 15:48:22.195922,Bir Derdim Var
6TnN1PLNMaIBvnUB8mdVT1,2023-02-01 15:48:22.204921,Ağlaya Ağlaya
5sIHhx9IOpQ7ggv16wLsWZ,2023-02-01 15:48:22.213921,ARASAN DA
4Sng3wnol2Gb2yXgFdr9lj,2023-02-01 15:48:22.218921,Gitme
5kpkEb0M49YM516trGUSWS,2023-02-01 15:48:22.226921,Ah Canım Sevgilim - Demo
4qcngMZ8yF98sAnFKlvXPN,2023-02-01 15:48:22.235924,GELMEZSEN GELME
18Ies0Fsw2IwDuLoOhDlyy,2023-02-01 15:48:22.240921,Ara
0r6tglSiN3TZTyRMvMCR5B,2023-02-01 15:48:22.249921,Dip
7jnN5sT8rk6PIvBZRWYdJj,2023-02-01 15:48:22.261921,Herkes Gibisin
11AkXmBdjwu4upt22GjJrG,2023-02-01 15:48:22.267921,Olmazlara İnat
2MvIexkUblP1QdpBzKot3N,2023-02-01 15:48:22.275921,CINDY
2SwQShWjZsxoGviEyaEMOX,2023-02-01 15:48:22.281921,Nerdesin
6iJUSrA6XoX4FNLGPqzHOv,2023-02-01 15:48:25.356335,Martin's Sofa
5RobAV5ROH5KARimi7n3cO,2023-02-01 15:48:25.376336,messy in heaven
6BePGk3eCan4FqaW2X8Qy3,2023-02-01 15:48:25.413337,10:35
220n79cLlh2NwvlIEEKpKt,2023-02-01 15:48:25.432337,Out Of Nowhere
6UN73IYd0hZxLi8wFPMQij,2023-02-01 15:48:25.440336,Players
2r7BOWS3bEYjEUbLiH8kVM,2023-02-01 15:48:25.453337,Red Flags
1eprzC29mwUQqcVj0eILdx,2023-02-01 15:48:25.458336,PSYCHO
5uSFGgIfHMT3osrAd9n9ym,2023-02-01 15:48:25.466336,Forget Me
1xzi1Jcr7mEi9K2RfzLOqS,2023-02-01 15:48:25.470336,CUFF IT
4JBiO7wRnE6ueszEUpo347,2023-02-01 15:48:25.486337,Pointless
3azJifCSqg9fRij2yKIbWz,2023-02-01 15:48:25.496336,The Color Violet
4rPJSqrov3zqGwXlemLBMw,2023-02-01 15:48:25.500337,Escapism. - Sped Up
26b3oVLrRUaaybJulow9kz,2023-02-01 15:48:25.509338,People
39JofJHEtg8I4fSyo7Imft,2023-02-01 15:48:25.514336,B.O.T.A. (Baddest Of Them All) - Edit
003vvx7Niy0yvhvHt4a68B,2023-02-01 15:48:25.521336,Mr. Brightside
0JIhRhZPF5j5dx0FGqTWxy,2023-02-01 15:48:25.545337,I'll Be Waiting
1mea3bSkSGXuIRvnydlB5b,2023-02-01 15:48:25.560336,Viva La Vida
40SBS57su9xLiE1WqkXOVr,2023-02-01 15:48:25.565336,Afraid To Feel
3LtpKP5abr2qqjunvjlX5i,2023-02-01 15:48:25.571337,Doja
2LWJ0zNei0z2WjHHwSNUkx,2023-02-01 15:48:25.576337,Voices (feat. Oliver Tree)
2L9N0zZnd37dwF0clgxMGI,2023-02-01 15:48:25.588336,ceilings
3i0FkJYlU4MFfYkjFHXXAM,2023-02-01 15:48:25.594336,I'm Not Here To Make Friends
58ge6dfP91o9oXMzq3XkIS,2023-02-01 15:48:25.604336,505
5vlzH0ps6WDyb158oFTAb3,2023-02-01 15:48:25.609337,Lionheart (Fearless)
12YCYHtGcwm9kbSmbcWB4f,2023-02-01 15:48:25.888058,Længe Leve
0eTCdGJVebRb5e6PXR73D9,2023-02-01 15:48:25.893056,Ensom
6oNgurLd0pCnLMWPOxt5Es,2023-02-01 15:48:25.896057,Snubler
4dbqhooQ6Q9MJsCYTKyKYe,2023-02-01 15:48:25.900058,Tetovo
3i0kzCSbAY2kDX2xiJdRLE,2023-02-01 15:48:25.913057,Elo Elo
705n1V0dBe4UOZC1oaah9a,2023-02-01 15:48:25.932057,Chart
2rfl7SRwfel3gNhXBmL60u,2023-02-01 15:48:25.936062,Verden Vågner (feat. Saveus)
0QiwUoiD9DZ6VGF5qgf6yg,2023-02-01 15:48:25.944056,Lidt Endnu (Medina x D1MA)
4EKSw9Jzun2WFvjm2HU58X,2023-02-01 15:48:25.951056,Flyvende Faduma
63Dymm6U4WHLRy87e8GBbo,2023-02-01 15:48:25.962058,"Gode Dage, Gode Drinks"
5O6qenUvH31dan0pojwLj1,2023-02-01 15:48:25.974057,Tro På Kærlighed
7JqI6lxV0zDu8wIUYegsGE,2023-02-01 15:48:25.979060,ALIVE ALIVE ALIVE
7E78vk7szNr8GqZO0gjMWf,2023-02-01 15:48:25.985058,Til Mig Selv
5TC5naM4A19URX3rAKAeX3,2023-02-01 15:48:26.000058,Sidste Gang
7tleRLLNqW5yH7846TguuZ,2023-02-01 15:48:26.004059,Ferrari - D1MA Remix
0BGEImCBesJKIm5kZ0fOkH,2023-02-01 15:48:26.025057,STOR MAND (feat. Andreas Odbjerg)
2hDrbSyhJstGmPDmZDlDTH,2023-02-01 15:48:26.032057,Solskin
544G00CbV8gz0eqpeEAvhg,2023-02-01 15:48:26.041057,"Alting, Altid"
5fS3B6lae85C2rA8jPfoE2,2023-02-01 15:48:26.044057,DRØM MIG VÆK
2kVFy8VoECOiRdjQqHtUNw,2023-02-01 15:48:26.050057,Sig Hvad Du Vil
1aOl53hkZGHkl2Snhr7opL,2023-02-01 15:48:26.053058,How Do I Say Goodbye
60GwMZeymeZYj7GiEzHQ7d,2023-02-01 15:48:26.058057,Hvad Skal Der Ske (feat. ICEKIID)
2qu0CT9kxrXUIltBW09K7B,2023-02-01 15:48:26.066057,Wow Wow (feat. Branco)
3fe2pEkW24bNn4WCOt1b0s,2023-02-01 15:48:26.081056,Ozonlag A Energi (feat. Niels Brandt)
1v1gAoEB2WyRE87LtFV46D,2023-02-01 15:48:26.099056,Præcis
5UDkdxN87TOPiL7cTNkh7l,2023-02-01 15:48:26.103056,Rose
06bMZsOQ6qQGHCTeM9r9bU,2023-02-01 15:48:26.108058,Danser Med Piger
1qy2BuZzSU0JHnGqWRwV3N,2023-02-01 15:48:26.124057,Og Du Blev Til En Hvid Fugl
4TduZWpCeQP1YKrrqzPbw4,2023-02-01 15:48:26.129058,Paid
09N9LGyKqWlLViq2bQjFxR,2023-02-01 15:48:26.142057,Vågen (Artigeardit X Lamin)
22fNmvVD1bC4rWv6hg29pC,2023-02-01 15:48:26.148057,Feberdrømmer Xx Dubai
4XhW9iOypxiiNyIMpirPFv,2023-02-01 15:48:26.153057,Mucki Bar
3LlqJkcXMBIAE5X1uUiZUN,2023-02-01 15:48:26.157057,Under Din Sne
7DzV3IBvCHicokoiUCpWda,2023-02-01 15:48:26.162057,Romario
0Sfn2TYbpQtCGMBf6C0Y6T,2023-02-01 15:48:26.657166,PLAYA DEL INGLÉS
5qP24CrDI0rmY5zwRvUfzU,2023-02-01 15:48:26.672165,AHORA QUÉ
1DxEbt6OSbrkRthk6pjZue,2023-02-01 15:48:26.678165,MERCHO
0Iozrbed8spxoBnmtBMshO,2023-02-01 15:48:26.695166,WANDA
0FirgnvrpCkkhdaq64Gfen,2023-02-01 15:48:26.707165,YANKEE
3pjvkWO9fqiRRBE1tDLu3S,2023-02-01 15:48:26.729165,SIN SEÑAL
5q86iSKkBtOoNkdgEDY5WV,2023-02-01 15:48:26.735166,VISTA AL MAR
4EQOGfssbSpTlV6EZRtrSv,2023-02-01 15:48:26.739165,ULALA (OOH LA LA)
5yocaqYG38qpSSxV1t0o3D,2023-02-01 15:48:26.748165,DAME
0NO2zL0kw8sGGnaMvHKAZF,2023-02-01 15:48:26.754166,Marisola - Remix
25MXhQD6t6jkWhYcuGBcjt,2023-02-01 15:48:26.770165,ANTAGONISTA
0CYTGMBYkwUxrj1MWDLrC5,2023-02-01 15:48:26.775172,CHORRITO PA LAS ANIMAS
3vKYvbzB7801a5qd47pxkm,2023-02-01 15:48:26.783166,APA
50naDXYjnGlLgrE7yUxsok,2023-02-01 15:48:26.792165,LISBOA
6WbAhuwE6fCOriBu5786X1,2023-02-01 15:48:26.795165,CAIRO
0xCRFfgIHOsmovVZzrFCoT,2023-02-01 15:48:26.804165,Dominicana
53tfEupEzQRtVFOeZvk7xq,2023-02-01 15:48:26.814165,DESPECHÁ
4uVEdikP5eLUy8Dq6gjiPV,2023-02-01 15:48:26.828166,PANTIES Y BRASIERES
0otoSS2m3QjbDLzsHMobgK,2023-02-01 15:48:26.836165,Whiskey y Coco
6OzUIp8KjuwxJnCWkXp1uL,2023-02-01 15:48:26.846165,Besos Moja2
5S7FewmYYyLNdMOfeEcB6P,2023-02-01 15:48:26.854165,COMO HAS ESTAU?
5jt25aFjW2kNoBqaEVaz5W,2023-02-01 15:48:26.860166,LA INOCENTE
2hLXUbsOU9cDb9RFva9FYr,2023-02-01 15:48:26.868166,MEMORIAS
0BJMkf1sQmY3TwcHapARZI,2023-02-01 15:48:26.873166,RON COLA
6G12ZafqofSq7YtrMqUm76,2023-02-01 15:48:26.883167,Monotonía
6gN4xor5X60aNKrvyjMBPU,2023-02-01 15:48:26.891165,CUÉNTALE
15wMJJiVpt2ABQw032Rywi,2023-02-01 15:48:26.897165,No Me digas Nada
5x17YrAwajDUCqB8zT9ElY,2023-02-01 15:48:26.909165,Traductor
4YBgxy0sK4ykesIYuLldxz,2023-02-01 15:48:26.917165,ME FALTA ALGO
4Rjq1TZbF0bDstOs6SiI6J,2023-02-01 15:48:26.920165,LACONE
4SMeOd5Fb7Rp92ODZTWCHV,2023-02-01 15:48:26.926167,MUÑECA
7rJ1eWSl8VIoKW9Qj7ImSU,2023-02-01 15:48:26.932165,DONDE QUIERO ESTAR
6i1g5ZRmJZAkDwBaUZ3f2i,2023-02-01 15:48:26.936165,Caile
24PUqZJcXUjByIybGftoHZ,2023-02-01 15:48:26.941166,LUCES AZULES
3otxqaLl04PmaRD4zmOJeO,2023-02-01 15:48:26.945166,ÉRAMOS DOS
5R2hNuiiwnKVAUNktF9j2Y,2023-02-01 15:48:26.948166,mariposas
58cEG7FsVoipRiRKUMgOjo,2023-02-01 15:48:26.956166,PUNTO 40
76Oz7riVeTOze5U1ceIt41,2023-02-01 15:48:26.967167,CORAZÓN DESPEINADO
4f1IC0mWzqRcYtsALav0kJ,2023-02-01 15:48:27.273167,Ei vitus (feat. Korelon)
0tNhrnTkLSMUkql3iTCgW4,2023-02-01 15:48:27.280165,Ylivoimainen
5RX8T3EoTuXcybAxe6oPAw,2023-02-01 15:48:27.286168,Cha Cha Cha
1mHRqzrSR9MQaryDj6GibE,2023-02-01 15:48:27.291167,Sata vuotta
08Y12A4mwKiGIOvap0hHPH,2023-02-01 15:48:27.296165,Aino
12zIIWVV5guPmsV7yQGsOM,2023-02-01 15:48:27.301165,Vastustamaton
2IWvgjThRD86tBtx19JYLn,2023-02-01 15:48:27.308165,Bämä (feat. william)
6ISLBKxChtxZ5Ws6nO6Cbi,2023-02-01 15:48:27.317165,Samaa taivasta katsotaan
0SKqOkYoE8ebXyTZQaBjnd,2023-02-01 15:48:27.322166,WINDY SEASON (feat. Costi)
4Mg2rAHrqKXQzLRIwr4j9r,2023-02-01 15:48:27.332165,FAMOUS
3nNtD3vtQ8yhrxQ5bxaRAB,2023-02-01 15:48:27.337165,Ylläs (feat. ibe)
47EttOPfJblOFsztpSseEm,2023-02-01 15:48:27.345165,No Business On The Dancefloor
1Myk7vkJ2IZm88Vt9IC21u,2023-02-01 15:48:27.351165,Hoida mut
59EjpBgEOq3kr53cNLAcF2,2023-02-01 15:48:27.356166,Äärirajoille II
0lPrY8sXUen0bqga0BIeWa,2023-02-01 15:48:27.364166,Tulipalo
2Xt73nX1u3QHzJmQlpuGMP,2023-02-01 15:48:27.370166,My love & homie
4EXBxZeqKIayJa65KtAwZw,2023-02-01 15:48:27.378165,Ihana kipu
4F7V4HGz5qeokniev7MT2c,2023-02-01 15:48:27.385165,Bisnestä
3KOKML3DT5AbPOQYWjBZTh,2023-02-01 15:48:27.401165,Shamppanjadieetillä
5IrehI7ObhFWGhWxGb65U1,2023-02-01 15:48:27.409165,Toista mua
1Q1S0iW0vVwRdHrHi7wa94,2023-02-01 15:48:27.415167,Teeskennellään
1vKaXLIYk3t1OOM6zL2xpT,2023-02-01 15:48:27.446165,Mitä sul oli mieles
4LF4LXtyULKaS3skaAndBp,2023-02-01 15:48:27.457165,ORANSSI
14LdhxElpZS0rKVV4nxtdA,2023-02-01 15:48:27.463165,Queen of Kings
3dMSUouXkSMQRxrn5tQFB6,2023-02-01 15:48:27.468165,Sun takii
3Ksvxtooh9DzGfWv64bYkp,2023-02-01 15:48:27.474170,Yksinkertasta (feat. Costi)
0oiz37APFPumfnCdLWNYjO,2023-02-01 15:48:27.483165,sisko älä pelkää
79Hll9uh2wBbKqDJc4LuXl,2023-02-01 15:48:27.494165,Sen pituinen se (feat. Kiki)
244HqAdMLdMTElPUxvT9RT,2023-02-01 15:48:27.508166,Yks pullo
21GN53EvKL963Dr2Q2B9SW,2023-02-01 15:48:27.514165,ANNAWA
0WzmYcHhfkchwvZagvItxK,2023-02-01 15:48:27.520167,Amatimies
2QS3MUxQ1oZvaThkIX0SmT,2023-02-01 15:48:27.526165,Magaluf
2G1gCuldjtW9xcN1n1yenB,2023-02-01 15:48:27.534165,Makso Mitä Makso
1RCQAeceDgtbD7WVLWr05S,2023-02-01 15:48:27.543166,Reiviluola
44Xyja7xYPlVC6v2CeweSi,2023-02-01 15:48:27.548165,GOSSIP (feat. Tom Morello)
6qverLcFcryBhJBgomIZjw,2023-02-01 15:48:27.561167,Tippa-T
2h9FYDFYIScQ4dHtsL70gn,2023-02-01 15:48:27.569165,DEEP DOWN (feat. Costi)
55qPuI6NekVyNPM6kh5DN4,2023-02-01 15:48:27.577164,Ram pam pam
11BKm0j4eYoCPPpCONAVwA,2023-02-01 15:48:27.583167,Bloody Mary
1F4ndGt7gZ5bD8h2Eam1uT,2023-02-01 15:48:27.588166,Girls Like You
0hR9rAzfwW8EuutTXdSzuF,2023-02-01 15:48:27.594166,Villieläin
16FTTvpIgihyei3EBNw1jd,2023-02-01 15:48:27.930544,Jolie (feat. Ninho)
3xrZCGMyXIDqesVz4QwJOL,2023-02-01 15:48:27.938544,Baby
5UPpgOKi0UQMMMSzWWgJJe,2023-02-01 15:48:27.944544,AMBER
7wNHu6h06KBh20KVYmnRKa,2023-02-01 15:48:27.949544,Même pas un grincement
3NzxPt9QFCTsFBQ0wPVTDe,2023-02-01 15:48:27.954544,Galactic
3D29kjUyWxsT3jUUTtARVQ,2023-02-01 15:48:27.960545,DIE
4serT1J6lu8eTsMMG9VhF8,2023-02-01 15:48:27.965544,Cadeau (feat. Tiakola)
1xLCwgQcF6bKncTJmRGGws,2023-02-01 15:48:27.974545,Mr. Ocho
5HavMB9WGE33KK6NL8XjXl,2023-02-01 15:48:27.989544,Fetty Wap
2Jof799F251cl0DyUW2dqW,2023-02-01 15:48:27.995544,Ingé son
7A2DyRIqqelhZ4caPJMaFI,2023-02-01 15:48:28.005545,Urus
43vjYTKZg8R5LsuITJ4wVu,2023-02-01 15:48:28.018544,Lola
0i9RysNKssk6syOrKDX3U2,2023-02-01 15:48:28.029544,FLEURS (feat. Tiakola)
4wNyrbY6B2Okii8VeKo2B2,2023-02-01 15:48:28.042544,Meuda
43eoqH9CIZqy7VXLnwwMnu,2023-02-01 15:48:28.049544,Daddy
7exHT4swWOKL5addPeqkLP,2023-02-01 15:48:28.057545,THE LONELIEST
6YWjskKykdPsBuiTBOg1VK,2023-02-01 15:48:28.071546,Δ. Dieu ne ment jamais
0uSjZhPKuYBcObeetfVlpn,2023-02-01 15:48:28.096544,Solitaire
38T0tPVZHcPZyhtOcCP7pF,2023-02-01 15:48:28.106544,STAR WALKIN' (League of Legends Worlds Anthem)
3PqAQRlPl0yOnqqcB6Y5Cw,2023-02-01 15:48:28.112547,Shining Light
6PrB4KpvuoYWtwjPC5a44S,2023-02-01 15:48:28.124545,Balader
4otT81iBBpaf36roGtzT4a,2023-02-01 15:48:28.132545,Decrescendo
5w3GRfKybnACxA4vTuIDAi,2023-02-01 15:48:28.138544,Introduction
6btgTbK2UslfSu0qjTEXQm,2023-02-01 15:48:28.143544,CP_009_ Évidemment
5klPZRehMLpiKUchPAzKyR,2023-02-01 15:48:28.156545,Un jour je marierai un ange
0jHBAPWVAZIwW67hg0XHnh,2023-02-01 15:48:28.166544,SMS
6OZwia8loN0aPS0vTvsBjR,2023-02-01 15:48:28.171545,TOUT VA BIEN (feat. Ninho & Naps)
5atXcF9P7BvCIfCwpALYXB,2023-02-01 15:48:28.182544,Match
48BdA5qBxXVoe59xvu0bwc,2023-02-01 15:48:28.189544,RAPPEL
0S1WhhsVn5wxUngCz5TQnE,2023-02-01 15:48:28.195544,Peur (feat. Ziak)
4oujvmTUXlPr6jWTWuzfAK,2023-02-01 15:48:28.204544,HRTBRK #6
0Jh6iWjna1wk5le0Ahn7No,2023-02-01 15:48:28.210544,La vie qu'on mène
7LKbaK4RD00Nso9EJk4opn,2023-02-01 15:48:28.216544,Tiki Taka
0z3bi63SNZ5ylyHOzb81Uq,2023-02-01 15:48:28.221544,PETETE
3x6n0IkVMIqTl7EE2j3R2g,2023-02-01 15:48:28.231544,Ma Came
6sCvvleqKbeyOkQDieBYgp,2023-02-01 15:48:28.237544,Lift Me Up - From Black Panther: Wakanda Forever - Music From and Inspired By
3TVUW7bJJWDOonkVCZxfLV,2023-02-01 15:48:28.242544,Pas bête
323zcUSa2qrq0aUAwL30sT,2023-02-01 15:48:28.569811,Therapie
4fWyBvLIPO68D2Ff87t1em,2023-02-01 15:48:28.574811,Stiekem
0LVjBdjZvJykxed42ExTLf,2023-02-01 15:48:28.582811,Ladada (Mon Dernier Mot)
1L8sanepRgDJlQTsPQ4mU1,2023-02-01 15:48:28.586811,Probleem
0xLnJgUHvPnq6n2ESDSMXF,2023-02-01 15:48:28.597813,Ik Space
50vXZhuyOfXaEkG3jVacmd,2023-02-01 15:48:28.604811,Paracetamollen
2LcmbuYX7tyR4DWy3b273L,2023-02-01 15:48:28.626811,Noodgeval
5tiTVSryX1Hu09cPsNvaIR,2023-02-01 15:48:28.631811,Slapeloosheid
5y9KXJV7Gwk3Up34fyPWMr,2023-02-01 15:48:28.636811,Natte Sokken
1HFFfvXM13DA5hYt6SjhZj,2023-02-01 15:48:28.644811,Stemgeluid
65PPYvLLxqXwYEIdpW8fy6,2023-02-01 15:48:28.677815,Love Song
0DDcpc9ImOsGUWupRj2xu5,2023-02-01 15:48:28.695811,Adrenaline
1ruXNzERqtHdoXULOAcCsJ,2023-02-01 15:48:28.729811,Meteoriet
7Gzz44FpTbZu0DNVVZjwPs,2023-02-01 15:48:28.742812,Wat Wil Je Van Mij
7vtbmvZElsg69HeTdn6N55,2023-02-01 15:48:28.749811,Hoop
5qeKjCFlvCwPlUK3zeBZfD,2023-02-01 15:48:28.762812,Bushokje
5YdnOm5990Kfq1Jodws98B,2023-02-01 15:48:28.777811,Call It Love
3K00Ib1shkOEiAXU5pec6e,2023-02-01 15:48:28.784812,Back To You
1635wWSdp29PO3GxYhy991,2023-02-01 15:48:28.795811,Bel Mercy
185P7rSD4EGHKzCerrvYtF,2023-02-01 15:48:28.799811,Bali
0zKbDrEXKpnExhGQRe9dxt,2023-02-01 15:48:28.804813,Lay Low
6n4LMiU6CQu8NuGeuhBwwa,2023-02-01 15:48:28.810811,Stunten
3oFKhY9iW9S0iA9OHO9tN6,2023-02-01 15:48:28.830813,Van Mij Zijn
0jm8p2ErwB4u3uvxc7vxGy,2023-02-01 15:48:28.835811,Blind Op Zoek (Trapagas)
3rb0tMq42WfggucPm0HHkA,2023-02-01 15:48:28.839811,Bad Memories (feat. Elley Duhé & FAST BOY)
7xTDT7gyIrv0xWpwwXExxU,2023-02-01 15:48:28.859326,Celestial
3KZlVBckUXU3qCmi0h0VHf,2023-02-01 15:48:28.864328,Bright Eyes
5VzimlAe6d9QJgCYgWky8v,2023-02-01 15:48:28.870326,Ik Kom Weer Thuis
3BnDvpeuGOj21Ir2aVEtQo,2023-02-01 15:48:28.877327,Calm Down
1xs8bOvm3IzEYmcLJVOc34,2023-02-01 15:48:28.891326,Rush
6TYFXyFTDZ6qwFPuBJfWpK,2023-02-01 15:48:29.181012,Floden
7GZ0lQasbKSKie0I1Bv7Vd,2023-02-01 15:48:29.189011,Alt du vil ha
0xbSjXWyD0M1ucTtKHPd2N,2023-02-01 15:48:29.199011,Ekko inni meg
7esGcqsNB1vSVAeVDfOW1c,2023-02-01 15:48:29.207011,Hopelessly Hopeless
0bg4gJlfoDR0ICj58UfmdF,2023-02-01 15:48:29.219012,"Sorry, jeg har pult en annen"
6Wu2r3oKnrObZf8a18QVJH,2023-02-01 15:48:29.230011,"(Åh) Tåmy, Tåmy - Rifla x Sheriff"
4vOoQh9MhS9pyrbvc8LyMz,2023-02-01 15:48:29.237012,Can't Tame Her
0imwUR7oy4kgX2IjMoLPDy,2023-02-01 15:48:29.252011,OPP I BAKKEN
28mdpto16dpOw2vl5B4MWi,2023-02-01 15:48:29.281011,Det eneste jeg vil er å ha det fett
3aiOu3VFNOD9omIGG7nSq1,2023-02-01 15:48:29.289013,The Ballet Girl
5cUqVMM5kxpkud2kKK7LCi,2023-02-01 15:48:29.299013,Skal ikke gråte
6iAzs8DCRsCDkr3UCyptXO,2023-02-01 15:48:29.324012,Danser videre i livet
4f3SD5C93R8QXPNmAip2PR,2023-02-01 15:48:29.337011,Dans
6b02mOA9cRfwiX69pFuXUo,2023-02-01 15:48:29.350012,Oppmerksomhet
3VjEyvyWkd09eE6h1weCfn,2023-02-01 15:48:29.358013,Show Me
4v8yhLDEcRQ6BynXcCrGMo,2023-02-01 15:48:29.366011,Frida Kahlo
56kyGGwLIVAR30ZFiASn8Q,2023-02-01 15:48:29.386011,Dans På Bordet
774f2Kn00cBgYObzXGEHbx,2023-02-01 15:48:29.393012,Mama
2NijPPmzSplyT9d4YdeLse,2023-02-01 15:48:29.399011,Rain
1qxsnAxrgjvPRMcGbsYTgW,2023-02-01 15:48:29.434012,BlimE
4olmG0sFJ6L0LVI8ssiZFz,2023-02-01 15:48:29.443012,glorie
2coLAzVouJE4BC8lrKbDLk,2023-02-01 15:48:29.452011,PAF.no
4XnMxCBN6BQw6eUFXwUwKb,2023-02-01 15:48:29.461011,Night In Oslo
1oKXshzJtz3zDA6dJY8VlZ,2023-02-01 15:48:29.482012,Jeg glemmer deg aldri - fra Rådebank
0SxQZ81RX3icOvVCrLDszO,2023-02-01 15:48:29.492013,BAP
0ZbEc2puxrGJ4VXfJ4VTuD,2023-02-01 15:48:29.504011,Bare en mann
1fOZciVVoZ1RqpuO5i2hbU,2023-02-01 15:48:29.802736,Du & Jag
0SOgdDDCI704FegadgOfc1,2023-02-01 15:48:29.813737,Feeling Myself
74xfr2lyWfi2qZjWtqovBg,2023-02-01 15:48:29.822736,RID MIG SOM EN DALAHÄST
1Yn8nh3NeSEfA7Oo9dqCvR,2023-02-01 15:48:29.830737,Nätterna i Göteborg
0u8AMrMBM6S3YBDfPYwMfe,2023-02-01 15:48:29.835737,TRAKTEN TILL EPAN (feat 1.Cuz & FRÖKEN SNUSK)
2e9JCw6tagF1APPHXWy6ff,2023-02-01 15:48:29.846736,Dreams
5g9gZGiXlk747pESQzmmRT,2023-02-01 15:48:29.854737,Hälsa Gud
1fIeKG6eI8FZzVL9mhlz8t,2023-02-01 15:48:29.859736,Kan Inte Gå
3xPsqMJQNM14OrawTBiK4G,2023-02-01 15:48:29.879736,Din låt
1VJRxqJhpEIpnHon7ssp1p,2023-02-01 15:48:29.895737,Babblarnas vaggvisa
2ZfaBbRMcEgSF8JnJIaEBP,2023-02-01 15:48:29.905736,Banan Melon Kiwi & Citron
1gbty36aDBvrkV4Ux8Y20r,2023-02-01 15:48:29.917737,RAGGARHIMLEN
1PcFYA0p9UxvQkLe18s8gz,2023-02-01 15:48:29.925736,Dum
5maA851Fle6XexgJgJzFjF,2023-02-01 15:48:29.930736,Djurens vaggvisa
0gLXS6YP75FZnZllPNdEvy,2023-02-01 15:48:29.938738,Nånting i Luften
1ngA3uuYGhKy42xrYEPnwQ,2023-02-01 15:48:29.943736,DIT ÄLVEN GÅR
7I2nD5Z74Ein0fa1P20Zfz,2023-02-01 15:48:29.948736,Första Gången I En EPA
0078peqORcMMXbcYEfeLkk,2023-02-01 15:48:29.958738,Vet Hon Om?
6D434uIe6ssDPXbCx9O9Bn,2023-02-01 15:48:29.963736,Ingen annan rör mig som du
4DJ6P3O5xd11cQMOsPIWg7,2023-02-01 15:48:29.988736,Aura
1RwQZNgaXl01krZHuSUlE8,2023-02-01 15:48:29.993736,BUBBEL PÅ BALKONGEN
6RM3nkmx7A6BRUpNkA6SCM,2023-02-01 15:48:30.001736,Vandraren
3yEStDgucd72WiJNUZWDw5,2023-02-01 15:48:30.006736,Åtta shots
4hYamjfzU3VXJCUkfakO0J,2023-02-01 15:48:30.019737,PTSD
5U0ndjpjzmT1aoLr3pB4zO,2023-02-01 15:48:30.037736,Blicky
43xz0Ed6oE5r3FSblGZtE0,2023-02-01 15:48:30.050736,What's The Point
5KMyGMGRiSMZLG1q9sMYRx,2023-02-01 15:48:30.054736,Gråter tillsammans över varandra
3OqnzptKSFrtjr3sldBD1F,2023-02-01 15:48:30.059736,Misslyckad & hatad
7EN8ZT8lGdXH58ulXwW94R,2023-02-01 15:48:30.064738,ENSAM (feat. estraden)
7y3tROxVvdzvJGu4NgWV6l,2023-02-01 15:48:30.094736,Ikon
1puxV64QJkmRUhhXt4T9rD,2023-02-01 15:48:30.099736,MER & MER
0dXCa5c9CZzkNHx1p6SOlb,2023-02-01 15:48:30.105738,Annan Man (part 2)
59uQI0PADDKeE6UZDTJEe8,2023-02-01 15:48:30.436178,Last Night
0cv6mTbrqr8vxGC31NjKtM,2023-02-01 15:48:30.450176,Everything I Love
4w9lk0Nyj7kuDxlL5PZVlv,2023-02-01 15:48:30.456178,I Wrote The Book
3WMj8moIAXJhHsyLaqIIHI,2023-02-01 15:48:30.525177,Something in the Orange
2GAhgAjOhEmItWLfgisyOn,2023-02-01 15:48:30.535177,Low
42TtHTxWk782ZBiqyOi2d1,2023-02-01 15:48:30.546177,Dawns (feat. Maggie Rogers)
68Dni7IE4VyPkTOH9mRWHr,2023-02-01 15:48:30.567177,No Role Modelz
4686eQ81DEswHa90bcdlC9,2023-02-01 15:48:30.584177,Rock and A Hard Place
3RKjTYlQrtLXCq5ncswBPp,2023-02-01 15:48:30.601178,"Hey, Mickey!"
5jQI2r1RdgtuT8S3iG8zFC,2023-02-01 15:48:30.606177,Lavender Haze
5Y35SjAfXjjG0sFQ3KOxmm,2023-02-01 15:48:30.612177,Nobody Gets Me
3F5CgOj3wFlRv51JsHbxhe,2023-02-01 15:48:30.625179,Jimmy Cooks (feat. 21 Savage)
5uU1uuyaUIBOiiUSQG7Wl3,2023-02-01 15:48:30.638177,You Proof
6BQrmjAgPfPTwILoFEK3Hd,2023-02-01 15:48:30.647179,I Wish you Roses
3hxIUxnT27p5WcmjGUXNwx,2023-02-01 15:48:30.652177,Shut up My Moms Calling
2wSTnntOPRi7aQneobFtU4,2023-02-01 15:48:30.657177,Shirt
3EaJDYHA0KnX88JvDhL9oa,2023-02-01 15:48:30.662178,Dark Red
7EAMXbLcL0qXmciM5SwMh2,2023-02-01 15:48:30.668178,Heart To Heart
6KGtAlYvgm4W9PoYabFAYE,2023-02-01 15:48:30.678178,One Thing At A Time
3cBsEDNhFI9E82vPj3kvi3,2023-02-01 15:48:30.681178,Wasted On You
1IHWl5LamUGEuP4ozKQSXZ,2023-02-01 15:48:30.684178,Tití Me Preguntó
1N8TTK1Uoy7UvQNUazfUt5,2023-02-01 15:48:30.690177,SPIT IN MY FACE!
6dgUya35uo964z7GZXM07g,2023-02-01 15:48:30.695177,Nonsense
7oQepKHmXDaPC3rgeLRvQu,2023-02-01 15:48:31.114926,Komet
7DyDjhZMEIK5Ied4juTCyc,2023-02-01 15:48:31.122927,Sie weiß (feat. Mero)
7sJNeWTXkZCEC7OnFMpGWL,2023-02-01 15:48:31.141928,Bamba (feat. Aitch & BIA)
4lkLzhx8zsVIdNd1WANxuA,2023-02-01 15:48:31.214927,YumYum
1pGxSl5VmzBtejKSmuAKKU,2023-02-01 15:48:31.241927,BRODIES
5BfAcaTKnD5s6hkwrK6EhQ,2023-02-01 15:48:31.249927,Normal zu lieben
4YxZQd3I4rj1nqkXgvpCk4,2023-02-01 15:48:31.262926,Zukunft Pink (feat. Inéz)
6yeZM8gyykjaf8w0GqRfK4,2023-02-01 15:48:31.270927,Wildberry Lillet
23SqoExnmW4BTJEYzMJze8,2023-02-01 15:48:31.285927,Blaues Licht
5qEGAHerczFt3HmL9lhh4j,2023-02-01 15:48:31.335926,Nachts wach (Lila Wolken Bootleg)
4tQA4uDHh6iPaQLWaxeQqH,2023-02-01 15:48:31.344926,Endlos_demo
3kgt8Ys78I6GBZlQrWqZiA,2023-02-01 15:48:31.361926,Nachts wach
64IFiUCsksRiHrUwfPKw6H,2023-02-01 15:48:31.370926,Sava i Dunav
4HkRGYJYn1Y99uXpqTyOI6,2023-02-01 15:48:31.385927,Au Revoir
6e180XtptMddkCejgq7o8K,2023-02-01 15:48:31.393926,6561
5xX2LYdXyx0Boa61rZOjq5,2023-02-01 15:48:31.401926,Beautiful Girl
22skzmqfdWrjJylampe0kt,2023-02-01 15:48:31.417929,Can't Hold Us (feat. Ray Dalton)
5ZduaRci3iNUiDfJbBfAaf,2023-02-01 15:48:31.431926,Give It To Me - Full Vocal Mix
4zN21mbAuaD0WqtmaTZZeP,2023-02-01 15:48:31.442926,Ferrari
35DkXhxqTMiQB582tfjowU,2023-02-01 15:48:31.450926,Powerade
2xIHVoglz5mLrNf145RieQ,2023-02-01 15:48:31.468926,Nur ein Trost
4N5s8lPTsjI9EGP7K4SXzB,2023-02-01 15:48:31.481927,Green Green Grass
7fZBQnc0zXwVybgCIrQQil,2023-02-01 15:48:31.486926,Belly Dancer
0DH7ZmouflLanUgjYaUP0e,2023-02-01 15:48:31.493927,on my way
5WBJoNzyDtXLPR60EZIIeA,2023-02-01 15:48:31.498927,16
77gw3ZwYga4BjxOKJW6Gas,2023-02-01 15:48:32.011633,Un Me Ty
3uUuGVFu1V7jTQL60S1r8z,2023-02-01 15:48:32.080632,Where Are You Now
02MWAaffLxlfxAUY7c5dvx,2023-02-01 15:48:32.098632,Heat Waves
3xWGA8pa0IKFI7IMPri4P0,2023-02-01 15:48:32.103632,Shivers
6b37xrsNCWYIUphFBazqD6,2023-02-01 15:48:32.138633,Me Gustas Tu
6JIC3hbC28JZKZ8AlAqX8h,2023-02-01 15:48:32.153635,Cold Heart - PNAU Remix
7vwTsX8UY5QZmPiQUmWkaL,2023-02-01 15:48:32.580915,Warrior
0pfP5XgWsu3uDB6NygGBEq,2023-02-01 15:48:32.704915,Push Up - Original Mix
2WcEQUVZAV7RxNBrHmcFKn,2023-02-01 15:48:32.731915,ZILVER
7yq4Qj7cqayVTp3FF9CWbm,2023-02-01 15:48:32.766984,Riptide
1z9NVyu6rOFQR57vA94xbR,2023-02-01 15:48:33.232434,Glatteis
0fNYJMvRcSBEC4zK3SClpK,2023-02-01 15:48:33.263434,Weisse Orchideen
7lkYdyKCN44Lc5saKwIGhP,2023-02-01 15:48:33.268433,Spät nach Haus
4tRhRLBxIZ34Iw0eCuiC03,2023-02-01 15:48:33.325434,Miss You
7jYwZOptDPesQgzj7vhsEF,2023-02-01 15:48:33.335433,ONLY 4 LIFE - Remix
5CGPOGyyF3XvyQwyqlJH0P,2023-02-01 15:48:33.355433,Ich hass dich
1kKvfCmzXzRcfszwQrXFPM,2023-02-01 15:48:33.376433,Bei Nacht
6rCnJGzjbgyYyhILDcpJmc,2023-02-01 15:48:33.419433,Bad Bitch
3JOV6IFlO4cviGK2cqeTVQ,2023-02-01 15:48:33.423433,Party Sahne
4pnk9Mhzcv3oHxFyARlNNP,2023-02-01 15:48:33.448433,Moulaga
2viO8F8cWAkkHqZIE8ouk8,2023-02-01 15:48:33.467434,OFT VERTRAUT
6hw1Sy9wZ8UCxYGdpKrU6M,2023-02-01 15:48:33.472433,Roller
3PBPLps3EbPjBSSOpKmJ8J,2023-02-01 15:48:33.479435,Kleiner Finger Schwur
2xHZ0R5LYEbD18FOTjO7dO,2023-02-01 15:48:33.943140,Take It Away
6r88rMGtfNgC0SJEytTA7c,2023-02-01 15:48:33.994139,In the Air
1GfBLbAhZUWdseuDqhocmn,2023-02-01 15:48:33.999139,Rumble
1LIvdWNdKmHvU0FJvw2diN,2023-02-01 15:48:34.027143,Big City Life
0O6u0VJ46W86TxN9wgyqDj,2023-02-01 15:48:34.035139,I Like You (A Happier Song) (with Doja Cat)
0ofHAoxe9vBkTCp2UQIavz,2023-02-01 15:48:34.048139,Dreams - 2004 Remaster
7dGsBUADSyHoD7zdkKi9Ef,2023-02-01 15:48:34.097141,Mr Reggae
5JRwHSavFxqA8I5V4h8CLJ,2023-02-01 15:48:34.120140,Before You Leave
6x8to58oCuyPyuXIe5Imak,2023-02-01 15:48:35.567068,Say Nothing (feat. MAY-A)
13Irp51zj01BZu2XtDrnAg,2023-02-01 15:48:35.713069,2 Be Loved (Am I Ready)
48UKTR66uUOT9LaUvooTNx,2023-02-01 15:48:35.741067,The Kind of Love We Make
4h4QlmocP3IuwYEj2j14p8,2023-02-01 15:48:35.789068,Sunroof
6HMtHNpW6YPi1hrw9tgF8P,2023-02-01 15:48:35.814067,About Damn Time
4ewazQLXFTDC8XvCbhvtXs,2023-02-01 15:48:35.837071,Glimpse of Us
7j1ZJAbcm4AMBf82jIrAH3,2023-02-01 15:48:36.352345,Kiss Me
7qEHsqek33rTcFNT9PFqLf,2023-02-01 15:48:36.390345,Someone You Loved
1fDFHXcykq4iw8Gg7s5hG9,2023-02-01 15:48:36.486345,About You
4r3sIECKwgvwpdc6OQEoZL,2023-02-01 15:48:36.920981,Love Jones
64uQ0RbW0FI10W1cGei6FT,2023-02-01 15:48:36.994982,Never
5BGdBH8MsaHCgfr4TMpRin,2023-02-01 15:48:37.157983,Como Tu (feat. Ivandro)
1xUnvxp9DFrpwXnO0RHKUp,2023-02-01 15:48:37.477622,Cookies N' Cream (feat. ANNA & Sfera Ebbasta)
4CQNELF3U3gyNcI6sLr6yK,2023-02-01 15:48:37.488622,Guasto D'Amore
5pFKuNJdKLyMceZuopqVFF,2023-02-01 15:48:37.508623,L'Isola Delle Rose
2E32Pv8w20r6ZH4oFecxOf,2023-02-01 15:48:37.521623,X CASO (feat. Sfera Ebbasta)
0D3QZNAMH2d5MFkVlebo6h,2023-02-01 15:48:37.529621,Non lo Sai
1la73rdzbQGNRFJyO9E71c,2023-02-01 15:48:37.534622,Arai (feat. Capo Plaza)
4midGjEpVz0mYkIdQMFX3l,2023-02-01 15:48:37.541646,CHIAGNE (feat. Lazza & Takagi & Ketra)
1MboxS3hV7Wr8UVO59uRth,2023-02-01 15:48:37.552622,Alleluia (feat. Sfera Ebbasta)
3gMPES6pOosBWxkXAakOxq,2023-02-01 15:48:37.560622,MONDAY (feat. Shiva & Michelangelo)
5x9LonDyHxGUO2VzfHJHLE,2023-02-01 15:48:37.571622,COME VUOI
0T8x9t5OQmYQAuyUPJCCAD,2023-02-01 15:48:37.577622,Ricordi
39jxR2xnmcBbkdPX9oNzsI,2023-02-01 15:48:37.581622,Bellissima
0AbDjrdgKTXzGzvQ1drgQl,2023-02-01 15:48:37.586624,Un Altro Show (feat. Geolier)
50DsGEqRiQr6KdEYi0NuSP,2023-02-01 15:48:37.595622,s!r! (feat. Lazza & Sfera Ebbasta)
1XpmMe95dk9jh3zuOMpeU2,2023-02-01 15:48:37.606622,Capri Sun
1cc9BzqfV6aO0EV8c7jGnN,2023-02-01 15:48:37.611624,Take 4
6LhPeOpKoX1SnqxDzrS64F,2023-02-01 15:48:37.617622,MONEY
6K8MYTkn5mZzF6p14hV5cj,2023-02-01 15:48:37.622623,MUJER
62YtBUOYuyW9qelDb7tFWX,2023-02-01 15:48:37.627622,La Bellavita (feat. Jul)
3WVXxfB3B76CkG2wglKotj,2023-02-01 15:48:37.640622,ACQUA TONICA (feat. Geolier & Junior K)
0SsUOrXUM2gZxVLYizZfQZ,2023-02-01 15:48:37.651622,PANICO (feat. Takagi & Ketra)
2i2KQ1gfaIRoExBoYuVjiY,2023-02-01 15:48:37.659622,A L I
5z7JlQ74N2M57PRIEI9oE6,2023-02-01 15:48:37.664622,ABISSALE
01DXwNf1GzEJkYTbXgL0eb,2023-02-01 15:48:37.668622,USCITO DI GALERA
11H6R8nu1QxB1yGWHgzKl7,2023-02-01 15:48:37.684622,BELLA FREGATURA
4cfwlJOM85bCQ8drN9iY1r,2023-02-01 15:48:37.695624,Need U 2Nite (feat. Massimo Pericolo)
5IbrGxWxB427KJEDrphgRN,2023-02-01 15:48:37.703622,Vorrei (feat. Lazza)
3XucsgiwXb8KPn9Csf9Zmu,2023-02-01 15:48:37.716624,Ferrari - Remix
1E1nbIsPDO1PdtQwsAKKF3,2023-02-01 15:48:37.728622,!ly (feat. Coez)
1NCyzQwhhBc2muaA3bjRvH,2023-02-01 15:48:37.736623,Lamette (feat. Salmo)
3uQLQ73joqyMYDhI2UaBOq,2023-02-01 15:48:37.743622,Mollami Pt.2
1Pw9JvFxbenEtnGRRcDvzD,2023-02-01 15:48:37.767272,Tuta Maphia (feat. Paky)
6BUueuMQR4k7CuoMEsnGou,2023-02-01 15:48:37.783189,PIOVE (feat. Sfera Ebbasta)
7tsTlt7Kwj2tFvpukBtZd4,2023-02-01 15:48:37.802188,IMPORTANTE
298vG7EUMAUWmvapd4PHL8,2023-02-01 15:48:37.814370,LEI (feat. Rondodasosa)
0xEgDBXYO9gGzmxCFWKxNg,2023-02-01 15:48:37.823357,CRUDELIA - I nervi
6SQmh0L5icrThwGDTeLkg1,2023-02-01 15:48:37.830356,MOLOTOV
5ZBIeRCyYvb0nGEtsvuth8,2023-02-01 15:48:37.836357,ME VULEV FA RUOSS
0KMDkQbcglNudXuynwKMs6,2023-02-01 15:48:38.151352,Malibu Barbie
6NQ83ioZQLARpVmW3mVA7C,2023-02-01 15:48:38.181352,2 IZOTEKI
05MYJf19LSo2E1lZ0RrMAC,2023-02-01 15:48:38.185351,MŁODY PADEREWSKI
3Nqxx5fdl3FQlrk3zarRmA,2023-02-01 15:48:38.192353,DRESSCODE
09m29we7x9tgxyo6f3OQ87,2023-02-01 15:48:38.213352,Discopolo
4JmaOG7bfj1uNv8jEUg0Ce,2023-02-01 15:48:38.223352,na okrągło
384lHduuDsrR4HPUwR3fG4,2023-02-01 15:48:38.234352,Nic dwa razy (W. Szymborska)
1pCekfmD7qmOpKnTgttGcu,2023-02-01 15:48:38.239352,jak nie wrócę po północy
3f9Ugg030LDe0p6ospTORC,2023-02-01 15:48:38.250352,Piękny Świat
79qk9XiwYlTfcgdptq6lH6,2023-02-01 15:48:38.266351,EXIT
08sMDBcjUBXWV99gZI092C,2023-02-01 15:48:38.294351,Rarara
0zmxM4MXfisJRTQcPa1wbv,2023-02-01 15:48:38.302353,club2020
5KAQJfejYiIa8M6Kyw6Xgr,2023-02-01 15:48:38.328352,OMDB
0sO777EtfmMVFQ3RdBPfhZ,2023-02-01 15:48:38.335352,Przypływ
5B3vaZQcdqv2KRtzZ9cEQ8,2023-02-01 15:48:38.356352,Adwokat Diabła Intro
5Dny8KqcvmDgW6yt0dm0Ew,2023-02-01 15:48:38.367352,Agnieszka
5YvL3ytkusKcM5ozxD9fKN,2023-02-01 15:48:38.371352,RiRi
2nGA88iGanJ3rkDaWXQLyv,2023-02-01 15:48:38.377352,BIERNIK (kogo? co?)
2yxPqxHbj1L7vrCpHLtAcG,2023-02-01 15:48:38.387352,mori
6Jwix2f7lMMhN1TKsDiL5c,2023-02-01 15:48:38.396352,WEEKEND 2115
5GdFPcbGDQqtbVO2jl6Ez5,2023-02-01 15:48:38.433351,To co masz Ty!
14154tJOTjeyeOyhnqP4QM,2023-02-01 15:48:38.438352,</3
2VYT8yaxvwXyRvAWZqM7Ws,2023-02-01 15:48:38.449354,Prywatny bal
4nv5o5Xo4ySBaIVnXr75Xs,2023-02-01 15:48:38.459352,Do Tanca
5qBLfeAGlgGGsckKhsMWpF,2023-02-01 15:48:38.476352,Ground Zero
1VoUHMVxu1qG2Z9josOhWs,2023-02-01 15:48:38.488352,w aucie noc i 90bpm
3p6uAP2ajkobkIW8IkEpgr,2023-02-01 15:48:38.503352,GLOW UP
1cAAn5PKy40T1p15fpTPW8,2023-02-01 15:48:38.532353,Na raz
4lLmG1fatRUgnRz0Ol0WUi,2023-02-01 15:48:38.543352,Why I Love You
4N6rgD6EqLbWcl5ld3NqTP,2023-02-01 15:48:38.553352,ztb
3T601uaEcVdVmGE5w3BSDW,2023-02-01 15:48:38.569352,Balon
4lPAZiTJbaQ4irMzcq0GOU,2023-02-01 15:48:38.577353,JESTEM POJ384NY
1yiGGRGdHEc1F3jF5jEVmH,2023-02-01 15:48:38.582352,KETCHUP
53OQFPwyflA0jMyUjUSawr,2023-02-01 15:48:38.600352,Sheraton
5JAkf7fy1RpcHX2GdvYWG4,2023-02-01 15:48:38.611352,Milord
6Hio4nlyWL2WBL8nYlbuGt,2023-02-01 15:48:38.968877,Agudo Mágico 3
6eNRGL6Nkdg7RhJtmbcl0j,2023-02-01 15:48:38.991876,Luz do Luar
0oKpBxCq4U5IvUZqMuVMM3,2023-02-01 15:48:38.999874,chamada não atendida
1597vvneWf0zoQrg2D8yH6,2023-02-01 15:48:39.004879,Evoque Prata
4qDT0BeJ7BjatrN9k8AvB4,2023-02-01 15:48:39.026874,Flow Espacial
5KX1zLcBZ5bv8iA1odyonT,2023-02-01 15:48:39.050876,Where U @
7BELSQR2lAJLELaKvVkct3,2023-02-01 15:48:39.055875,Lua
3hUk7wHp5Ruas0FLLVW69c,2023-02-01 15:48:39.060875,CASA
7nFvKgVumc9FcU97zGjjei,2023-02-01 15:48:39.068875,Coração de Gelo
56hVdyqQWCMYfKopnVRCwQ,2023-02-01 15:48:39.086875,DIAS
2orGm2E68ODFYOURjaES62,2023-02-01 15:48:39.094876,Felina
1OZ4uv7OAP24Ix6j3vojLt,2023-02-01 15:48:39.113876,Casei Com a Putaria
4PQ5AInr4YoBauth9YPduL,2023-02-01 15:48:39.123874,Ai Papai
0elz4WC9ZtAOzqP4fgt8T5,2023-02-01 15:48:39.148874,ROSAS
1Jk03rMQGTjdkjNtCGgkPd,2023-02-01 15:48:39.161875,UUUUHH
3aml52yDe6ff32XOgZQ0Cb,2023-02-01 15:48:39.167875,I'm Sorry
1Hc0zt33FVHdi4DWtUAa0s,2023-02-01 15:48:39.177876,Alcatraz
4mD9hjoTckjeL1CrJCx0MT,2023-02-01 15:48:39.182875,Puta Mexicana
15ERxM3x0D2HzqdhPxsbd2,2023-02-01 15:48:39.194874,TA TUDO BEM
677ebW5G4BLaqX5Ue3itGv,2023-02-01 15:48:39.205875,Love Again
5fjD0vHh9XRL6b657FWe9C,2023-02-01 15:48:39.220875,Por Enquanto
1ACALdBWViTpLBC14Ecv8E,2023-02-01 15:48:39.226875,Namora Aí
2hkwwmmLC90T8BQ7t3xufq,2023-02-01 15:48:39.248874,Roça Em Mim
2m6ZDDrTvDQtKbwNFyI3r5,2023-02-01 15:48:39.259874,MAMA.CITA (hasta la vista)
0dAZ5dCofHy6rquqU6YG29,2023-02-01 15:48:39.283875,Como Antes
5vC8UAOHeG95ehRzZChniB,2023-02-01 15:48:39.288875,Ai Preto
2K9kZpwD2CzTa6iiSYYOoO,2023-02-01 15:48:39.297874,Leão
172oAbLGpgeCsukno7oBRe,2023-02-01 15:48:39.553669,風雨不改 (電影《阿媽有咗第二個》主題曲)
1dBroK67DSaaEE5kvkVjzG,2023-02-01 15:48:39.561668,作品的說話
3IxGmKdOkv7tgMCzyKF2Xm,2023-02-01 15:48:39.568667,世一
11IqNbLOD4s4nVYSuEttFR,2023-02-01 15:48:39.582667,"Dear My Friend,"
3mVO7XaN9ULGNuXteiCOz3,2023-02-01 15:48:39.585668,再見 寧靜海
4umaD9GJDZMihD9mal7vd1,2023-02-01 15:48:39.603679,鏡中鏡
3b4dQtIVyVhQdbYVfrik0k,2023-02-01 15:48:39.612679,永順街39號
2E5X5HbBHBUeo2juTSgTMX,2023-02-01 15:48:39.624678,偷情
3x2hKSUf8O8IqI1shmxGnp,2023-02-01 15:48:39.631679,老派約會之必要
48yFnEAkBdOmqvhZ6NaR4U,2023-02-01 15:48:39.646084,到底發生過什麼事
5L3pDOYct21zjioooK0IqX,2023-02-01 15:48:39.663084,同居陌生人 (ViuTV劇集: 百萬同居計劃歌曲)
2vJreatDgwtXWKpkqpPUZ3,2023-02-01 15:48:39.670084,地球上的最後一朵花
1ZrnCyms7CBYsCvkkVIkt8,2023-02-01 15:48:39.680086,記憶棉
6flgMTTqhbJSNryAPCYcvA,2023-02-01 15:48:39.696094,留一天與你喘息
433FK3gktWwmjkAPMSqVNO,2023-02-01 15:48:39.714094,時候不早
2rbbJ2xZFJa2DriR5h0TBS,2023-02-01 15:48:39.724096,Distance
5awK4mHW8B2bCuX8G0Grvb,2023-02-01 15:48:39.729095,小心地滑
62ZpTeNkawwXCr7tNtF8Zz,2023-02-01 15:48:39.738095,乖乖報到
2P5Eeh29qJrYa1T27cdL3B,2023-02-01 15:48:39.748485,反對無效
4pnqbvjkdoIKUzmfr1bUho,2023-02-01 15:48:39.755486,Mr. Stranger
1jPDZpQoMwgmP3CzmIiTxB,2023-02-01 15:48:39.766485,給缺席的人唱首歌
1Bnmeza32UZ1frQTxGexnt,2023-02-01 15:48:39.779486,LOVERSE
0Rhz56u8K6hjzxNCGkJjhi,2023-02-01 15:48:39.788486,盲婚啞嫁
2pFkBa11TZLwI4t4uzIWdi,2023-02-01 15:48:39.797486,Got U
1eId3TVzGrwv73YAWAVQMX,2023-02-01 15:48:39.803486,你瞞我瞞
7o4T6JqF9oakRouiBexoiT,2023-02-01 15:48:39.812485,最低保障
7xE3HkKaZFhtzrt2FiwNOd,2023-02-01 15:48:39.819486,Master Class
5AnD1Tmu5hKPeHGyxGq6LJ,2023-02-01 15:48:39.824487,飄流教室
1Pt5syTlJvn3FOqAET84WF,2023-02-01 15:48:39.836487,2nd Favourite 第二最愛
40NvsEFexANIROSnKIMYXB,2023-02-01 15:48:39.848487,自我安慰
6rLZknU66zYG9Q2NI4fCYl,2023-02-01 15:48:39.865488,無人不知的戰果 (ViuTV劇集: 季前賽主題曲)
0PNlAxz1G2WLTC8WRMxUmg,2023-02-01 15:48:39.874487,乾
5w3SN2UjZRuuvPLAisQuaC,2023-02-01 15:48:39.883486,你瞞我瞞 - From THE FIRST TAKE
7wDHnKKyw7GSw9ihEHTXm3,2023-02-01 15:48:39.893487,賽勒斯的愛
1rTnGbIahUmq6fK8RWAXfd,2023-02-01 15:48:39.902486,鯨落
7gRFDGEzF9UkBV233yv2dc,2023-02-01 15:48:39.917486,Shut Down
4ckh5VN2HYQ8TzS51Nh7ol,2023-02-01 15:48:39.924487,俏郎君
4knMu3Cbg277Di6oEkpeRA,2023-02-01 15:48:39.941487,還原淚
1WzMnzTmdWbJZ3OhizMtbX,2023-02-01 15:48:39.950487,Frenemy
07hNtsHI2yS6a4sblgPyp0,2023-02-01 15:48:39.959487,笑住喊
3i0h88q1HBtbdIg2bPxs54,2023-02-01 15:48:40.273361,Tertawan Hati
3w75Uvn1cojNlBhQoxpVP3,2023-02-01 15:48:40.293363,Rumah Singgah
4z6FksNI6MLCDTHrNJXhO0,2023-02-01 15:48:40.298360,Semata Karenamu
0o9zmvc5f3EFApU52PPIyW,2023-02-01 15:48:40.310361,Shinunoga E-Wa
50x1Ic8CaXkYNvjmxe3WXy,2023-02-01 15:48:40.320361,Those Eyes
6Iq3sgLVrqqZfRitLaeHkn,2023-02-01 15:48:40.363361,Sisa Rasa
26hOm7dTtBi0TdpDGl141t,2023-02-01 15:48:40.376361,Die For You
1b0aDgrG775i4sPQgJGmkU,2023-02-01 15:48:40.388360,Tak Ingin Usai
08MFgEQeVLF37EyZ7jcwLc,2023-02-01 15:48:40.393361,Pano
3AVrVz5rK8Hrqo9YGiVGN5,2023-02-01 15:48:40.410362,Apocalypse
0QzuaeCEEOV40Pn7IvKEny,2023-02-01 15:48:40.415361,double take
6gNG7O2IlMYUXAcCDwQrPT,2023-02-01 15:48:40.448361,Bertahan Terluka
2eAvDnpXP5W0cVtiI0PUxV,2023-02-01 15:48:40.453361,Dandelions
5Odq8ohlgIbQKMZivbWkEo,2023-02-01 15:48:40.470361,Left and Right (Feat. Jung Kook of BTS)
6VhuP99TE6gYNQRJIlAWFD,2023-02-01 15:48:40.497361,Until I Found You
6I3mqTwhRpn34SLVafSH7G,2023-02-01 15:48:40.503362,Ghost
3W4U7TEgILGpq0EmquurtH,2023-02-01 15:48:40.514361,Old Love
2m6Ko3CY1qXNNja8AlugNc,2023-02-01 15:48:40.521360,Angel Baby
2gYj9lubBorOPIVWsTXugG,2023-02-01 15:48:41.149361,After LIKE
2DwUdMJ5uxv20EhAildreg,2023-02-01 15:48:41.171361,Cookie
63YH4W1jfTXbuS9LNSCTXB,2023-02-01 15:48:41.608362,KUHU KADUS STEN?
41XLcwECxYj7tokaF2a7sA,2023-02-01 15:48:41.616361,kastehein
4g22x3fIQVUlY39ICUBB7Z,2023-02-01 15:48:41.655361,HOODAK MP3
1k2SmfxevBCq4Gti0LhDfT,2023-02-01 15:48:41.671361,Venom
2ksyzVfU0WJoBpu8otr4pz,2023-02-01 15:48:41.699360,METAMORPHOSIS
1Oiw6x4fhsCEuh4CMaa8kc,2023-02-01 15:48:41.725361,hoia end (feat. villemdrillem)
6qyS9qBy0mEk3qYaH8mPss,2023-02-01 15:48:41.744360,Murder In My Mind
6yWAlfKGH5AMHlxT4ZtCVg,2023-02-01 15:48:41.768361,Ainult Unustamiseks
7IK25tcCFFqkU08EbTRxsc,2023-02-01 15:48:41.782360,Kiri külmkapi peal
3Oww84xrmgjyr5J1ilOmAf,2023-02-01 15:48:41.814361,Down Under (feat. Colin Hay)
2KReCz1L5XkGIBhDncQ5VZ,2023-02-01 15:48:41.843362,BABY SAID
6YS0bPEionrniTERIcCXP7,2023-02-01 15:48:41.849361,Monsters
5FkJHVudUByVjanCqFXRql,2023-02-01 15:48:41.854360,After Dark
5TXDeTFVRVY7Cvt0Dw4vWW,2023-02-01 15:48:41.859362,Revenge
6Ox1rvlwEpB49drasQm6RF,2023-02-01 15:48:41.875361,Star Shopping
3ovhC4v5a73S0afcOHhnu2,2023-02-01 15:48:42.271217,Dvel ég í draumahöll
1l2AHO7bb47QGFKJmXhXMz,2023-02-01 15:48:42.284216,Litlar stjörnur
0Xh9sOCT7ZvmKg8KthRYnH,2023-02-01 15:48:42.290217,Sofðu unga ástin mín
5myQVDBhZvE7DIvsQICuKn,2023-02-01 15:48:42.293216,Óskasteinar
5faV3B9PfIOabLD8PPUAxo,2023-02-01 15:48:42.296217,Dýrð í dauðaþögn
1MWg9aH6OhteqF1RXR3J5w,2023-02-01 15:48:42.302217,Sofa urtubörn
0RT86wBrufYQZSdN852Wjn,2023-02-01 15:48:42.305216,Ljós
5pn6OskYybJrrqcdlNpBvk,2023-02-01 15:48:42.309235,Bíum bíum bambaló
7nzeIh8kUdieUBLPXch9wi,2023-02-01 15:48:42.320240,Góða nótt
1ZzSy8HeLFZAeuQi577bhB,2023-02-01 15:48:42.324241,Ævintýralönd
2q2cdTPrbgWSxLFFXjjaoO,2023-02-01 15:48:42.327242,Bí bí og blaka
1sgn8wmK2kuJrF9ppsnH2F,2023-02-01 15:48:42.331039,Frost er úti fuglinn minn
51J0zLsmKb265vmylOJGMr,2023-02-01 15:48:42.334039,Sofðu
5TBNZCGMR1NJtJrrg606m0,2023-02-01 15:48:42.337039,Nóttin læðist inn
6Vd8hxisvvbtZloYVH5kAo,2023-02-01 15:48:42.347038,Tárin falla hægt
3LP5YM7IMwmffWXPE1VBf1,2023-02-01 15:48:42.367039,Sólskin
6xsUlQIjfduRdQt88yekZ5,2023-02-01 15:48:42.371039,Þú ert
38KOnmdRLQrizMIFHIwuOA,2023-02-01 15:48:42.401039,Klisja
7MY4Gg2ORLB8UjpDWgQmj4,2023-02-01 15:48:42.435039,Lifandi inní mér
2Hh3ETdQKrmSI3QS0hme7g,2023-02-01 15:48:42.440039,Too Many Nights (feat. Don Toliver & with Future)
0B7wvvmu9EISAwZnOpjhNI,2023-02-01 15:48:42.480039,When I Was Your Man
4WuOWVnAqvEQxgSRrspBgt,2023-02-01 15:48:42.491039,Niagara Falls (Foot or 2) [with Travis Scott & 21 Savage]
21qZMim0NXV3k5SaLxLWeX,2023-02-01 15:48:42.507039,Búið Og Bless
6daToaVPOx55J5gGLgy7B0,2023-02-01 15:48:42.900991,Dėl Tavęs
6RmV54gl0nByycqhTajiiZ,2023-02-01 15:48:42.924989,Tyliai Pakuždėk
149qQkZez6yujONJspKw7U,2023-02-01 15:48:42.936988,Šokam Lėtai
4SA3hKVvIbnDWjwH1Hnp1C,2023-02-01 15:48:42.945988,aerobika
39kSk40grKRucDyfLx4Cjf,2023-02-01 15:48:42.958989,Panelė Verta Milijono
5QiBpME5iV2DdLHggosCta,2023-02-01 15:48:43.009988,PINIGAI
12X9GMNhoP6tSj5ai0Kujw,2023-02-01 15:48:43.026988,Apžavai
2JtsIAfAu4PFyjlk17Hg3M,2023-02-01 15:48:43.049990,Stadionai
2psbE7Ds01Xz2MaMIk7APk,2023-02-01 15:48:43.058989,Rugpjūtis
4QHRKu6scoEilEvLnHYOnz,2023-02-01 15:48:43.069988,Man Moji
6KOhOLjSsbv3bggefGCLLm,2023-02-01 15:48:43.108988,PAŽADAI
21QCQXnmSTApn8Tu9a2HO5,2023-02-01 15:48:43.174988,Žiburiai
7DbdUf8aHSYoliSjO6LZv6,2023-02-01 15:48:43.200989,"Sex, Drugs, Etc."
4PGzoH4hL1vORGOTxHdWjB,2023-02-01 15:48:43.667366,ЗА ДЕНЬГИ ДА
0R848ny5sEpVuR1tMXZNFr,2023-02-01 15:48:43.761367,КАК MOMMY
1cKHdTo9u0ZymJdPGSh6nq,2023-02-01 15:48:43.959018,I Was Never There
6TBzRwnX2oYd8aOrOuyK1p,2023-02-01 15:48:44.376143,Fin de Semana
6Um358vY92UBv5DloTRX9L,2023-02-01 15:48:44.397142,Que Vuelvas
4H6o1bxKRGzmsE0vzo968m,2023-02-01 15:48:44.417142,Qué Agonía
0UbesRsX2TtiCeamOIVEkp,2023-02-01 15:48:44.424142,Ch y la Pizza
46FdwGMcgz6gik4RCpWBAW,2023-02-01 15:48:44.433144,Los Collares
4ygQ5wSuzzNRevVjup1qV2,2023-02-01 15:48:44.441143,El Gavilán
2VzCjpKvPB1l1tqLndtAQa,2023-02-01 15:48:44.452142,Por las Noches
23Lyy7ZXRvzfgH4JtDkKrX,2023-02-01 15:48:44.455143,No Se Va - En Vivo
4w273WCBXwM4P3jTX5HkB2,2023-02-01 15:48:44.476145,El Rescate
1Fuc3pBiPFxAeSJoO8tDh5,2023-02-01 15:48:44.492143,En Paris
1ULnQ2yn5LeQX4LrROm1RD,2023-02-01 15:48:44.500142,COLOGNE
3XfUFGzbr0LmwFVoLXd9cO,2023-02-01 15:48:44.513142,Billete Grande (En Vivo)
5Eax0qFko2dh7Rl2lYs3bx,2023-02-01 15:48:44.533142,Efecto
3k3NWokhRRkEPhCzPmV8TW,2023-02-01 15:48:44.539143,Ojitos Lindos
31i56LZnwE6uSu3exoHjtB,2023-02-01 15:48:44.545142,Neverita
1RGlfmdvcfatN0ZLOmzanS,2023-02-01 15:48:44.548142,El Hijo Mayor
3gfSH9aYZbyGjdmbeoWliw,2023-02-01 15:48:44.551142,Siempre Pendientes
4ilZV1WNjL7IxwE81OnaRY,2023-02-01 15:48:44.560145,Gatita
5kpxVMDvYGRmNqawPqDTYR,2023-02-01 15:48:44.573142,JGL
3ZGkdrigbWXLgHungXfZkt,2023-02-01 15:48:44.581143,Los Botones Azules
6odrHMSLjP3aOXC4ipKUC6,2023-02-01 15:48:44.589142,La Bebe
33cF8aTmGJ6TsEf23uqGIN,2023-02-01 15:48:44.594142,LOKERA
7Jph6HJbfURt4Fea19IED3,2023-02-01 15:48:44.605142,Si Fuera Fácil
0uBcoM4zxRXk7kmsmxoiFS,2023-02-01 15:48:44.615142,Calidad
1kNC7b4zXbqoceKpkGdnD8,2023-02-01 15:48:44.630142,Puro Campeón
3bvJftZKZe5QKz433NczyV,2023-02-01 15:48:44.638143,No Es Por Acá
6rOy9SIawgruuIWLP5divC,2023-02-01 15:48:44.652142,Eres Ese Algo
40vzZFWG1h60TdZPuxuX3Y,2023-02-01 15:48:44.662142,Por el Resto de Tu Vida
5Ei8EK2uXNkqqVSe2QYsFp,2023-02-01 15:48:44.670144,Que Te Vaya Bien
1SxNFVI9TFJzQsxdzJ2oVd,2023-02-01 15:48:44.680143,El Chamaquito
