song_spotify_id,artist_spotify_id
0yLdNVWF3Srea0uzk55zFn,5YGY8feqx7naU7z4HrwZM6
4nrPB8O7Y7wsOCJdgXkthe,716NhGYqD1jl2wI1Qkgq36
4nrPB8O7Y7wsOCJdgXkthe,0EmeFodog0BfCgMzAIvKQp
1Qrg8KqiBpW07V7PNxwwwL,7tYKF4w9nC0nq9CsPZTHyP
2dHHgzDwk4BJdRwy9uXhTO,0iEtIxbK0KxaSlF7G42ZOp
2dHHgzDwk4BJdRwy9uXhTO,1Xyo4u8uXC1ZmMpatF05PJ
2dHHgzDwk4BJdRwy9uXhTO,1URnnhqYAYcrqrcwql10ft
4Dvkj6JhhA12EX05fT7y2e,6KImCVD70vtIoJWnq6nGn3
0NZPBYD5qbEWRs3PrGiRkT,2wY79sveU1sp5g7SokKOiI
0NZPBYD5qbEWRs3PrGiRkT,3Xt3RrJMFv5SZkCfUE8C1J
4uUG5RXrOk84mYEfFvj3cK,1Cs0zKBU1kc0i8ypK3B9ai
4uUG5RXrOk84mYEfFvj3cK,64M6ah0SkkRsnPGtGiRAbb
0WtM2NBVQNNJLh6scP13H8,46pWGuE3dSwY3bMMXGBvVS
0WtM2NBVQNNJLh6scP13H8,0C8ZW7ezQVs4URX5aX7Kqx
4FAKtPVycI4DxoOHC01YqD,0eHQ9o50hj6ZDNBt6Ys1sD
4FAKtPVycI4DxoOHC01YqD,2LRoIwlKmHjgvigdNGBHNo
5WxVXxCMRnvxUKFq40ELwq,5KKpBU5eC2tJDzf0wmlRp2
5WxVXxCMRnvxUKFq40ELwq,12Zk1DFhCbHY6v3xep2ZjI
5ww2BF9slyYgNOk37BlC4u,0tmwSHipWxN12fsoLcFU3B
0V3wPSX9ygBnCm8psDIegu,06HL4z0CvFAxyc27GXpf02
2mnXxnrX5vCGolNkaFvVeM,4SsVbpTthjScTS7U2hmr1X
2mnXxnrX5vCGolNkaFvVeM,4q3ewBCX7sLwd24euuV69X
78Sw5GDo6AlGwTwanjXbGh,5y8tKLUfMvliMe8IKamR32
3r8RuvgbX9s7ammBn07D3W,6HvZYsbFfjnjFrWF950C9d
0JXXNGljqupsJaZsgSbMZV,360IAlyVv4PCEVjgyMZrxK
2LBqCSwhJGcFQeTHMVGwy3,1Xyo4u8uXC1ZmMpatF05PJ
2tTmW7RDtMQtBk7m2rYeSw,716NhGYqD1jl2wI1Qkgq36
2tTmW7RDtMQtBk7m2rYeSw,52iwsT98xCoGgiGntTiR7K
65FftemJ1DbbZ45DUfHJXE,6HvZYsbFfjnjFrWF950C9d
5odlY52u43F5BjByhxg7wg,164Uj4eKjl6zTBKfJLFKKK
1zsPaEkglFvxjAhrM8yhpr,1i8SpTcr7yvPOmcqrbnVXY
1zsPaEkglFvxjAhrM8yhpr,2LRoIwlKmHjgvigdNGBHNo
7jtQIBanIiJOMS6RyCx6jZ,2txHhyCwHjUEpJjWrEyqyX
4h9wh7iOZ0GGn8QVp4RAOB,5Pwc4xIPtQLFEnJriah9YJ
0QHEIqNKsMoOY5urbzN48u,6JL8zeS1NmiOftqZTRgdTz
1Y3LN4zO1Edc2EluIoSPJN,5XKFrudbV4IiuE5WuTPRmT
1Y3LN4zO1Edc2EluIoSPJN,7o2ZQYM7nTsaVdkXY38UAA
5XeFesFbtLpXzIVDNQP22n,7Ln80lUS6He07XvHI8qqHH
1bDbXMyjaUIooNwFE9wn0N,3TVXtAsR1Inumwj472S9r4
1bDbXMyjaUIooNwFE9wn0N,1URnnhqYAYcrqrcwql10ft
561jH07mF1jHuk7KlaeF0s,7dGJo4pcD2V6oG8kP0tJRR
4sx6NRwL6Ol3V6m9exwGlQ,2tIP7SsRs7vjIcLrU85W8J
0vjeOZ3Ft5jvAi9SBFJm1j,0iEtIxbK0KxaSlF7G42ZOp
0vjeOZ3Ft5jvAi9SBFJm1j,1RyvyyTE3xzB2ZywiAwp0i
0vjeOZ3Ft5jvAi9SBFJm1j,7bXgB6jMjp9ATFy66eO08Z
0IKeDy5bT9G0bA7ZixRT4A,0ys2OFYzWYB5hRDLCsBqxt
0IKeDy5bT9G0bA7ZixRT4A,6XkjpgcEsYab502Vr1bBeW
54ipXppHLA8U4yqpOFTUhr,53XhwfbYqKCa1cC15pYq2q
2CeKVsFFXG4QzA415QygGb,2LRoIwlKmHjgvigdNGBHNo
73vIOb4Q7YN6HeJTbscRx5,6TLwD7HPWuiOzvXEa3oCNe
73vIOb4Q7YN6HeJTbscRx5,3t5xRXzsuZmMDkQzgOX35S
3zkyus0njMCL6phZmNNEeN,5H4yInM5zmHqpKIoMNAx4r
7MXVkk9YMctZqd1Srtv4MB,1Xyo4u8uXC1ZmMpatF05PJ
7MXVkk9YMctZqd1Srtv4MB,4tZwfgrHOc3mvqYlEYSvVi
567e29TDzLwZwfDuEpGTwo,2tIP7SsRs7vjIcLrU85W8J
567e29TDzLwZwfDuEpGTwo,1uNFoZAHBGtllmzznpCI3s
1xK59OXxi2TAAAbmZK0kBL,5y8tKLUfMvliMe8IKamR32
4iZ4pt7kvcaH6Yo8UoZ4s2,7tYKF4w9nC0nq9CsPZTHyP
4WiQA1AGWHFvaxBU6bHghs,52iwsT98xCoGgiGntTiR7K
6zJejIfVYLgjud3lTk4DLB,46xBNx0j6cwY6sD9LgMTm1
6Sq7ltF9Qa7SNFBsV5Cogx,4q3ewBCX7sLwd24euuV69X
6Sq7ltF9Qa7SNFBsV5Cogx,37230BxxYs9ksS7OkZw3IU
4FyesJzVpA39hbYvcseO2d,4O15NlyKLIASxsJ0PrXPfz
2QjOHCTQ1Jl3zawyYOpxh6,77SW9BnxLY8rJ0RciFqkHh
5IgjP7X4th6nMNDh4akUHb,7bXgB6jMjp9ATFy66eO08Z
1lRtH4FszTrwwlK5gTSbXO,0elWFr7TW8piilVRYJUe4P
1lRtH4FszTrwwlK5gTSbXO,12GqGscKJx3aE4t07u7eVZ
1lRtH4FszTrwwlK5gTSbXO,6Sbl0NT50roqWvy746MfVf
4k6Uh1HXdhtusDW5y8Gbvy,57vWImR43h4CaDao012Ofp
2mpoNBkngUEwnaKoBhZ0vl,12GqGscKJx3aE4t07u7eVZ
2mpoNBkngUEwnaKoBhZ0vl,0elWFr7TW8piilVRYJUe4P
54ELExv56KCAB4UP9cOCzC,12vb80Km0Ew53ABfJOepVz
54ELExv56KCAB4UP9cOCzC,4q3ewBCX7sLwd24euuV69X
2SiAcexM2p1yX6joESbehd,7ltDVBr6mKbRvohxheJ9h1
72OVnXDzugvrCU25lMi9au,7y3HnWCFEvWj4KM9GFSkiX
0USeB0Tykai3QZj5YAUclG,4XKp9GFAQfsh2NflSRnHQi
07plVccQ0N6FTTTonk3c2M,6g641431O1Xkl7HAs2yFEg
6jNy9WM3zyvG9E5bdVALl8,6xErgeZYatiaQ36SB5bvi8
0a4MMyCrzT0En247IhqZbD,6HvZYsbFfjnjFrWF950C9d
6akVETVeqqPVvuBS5e0EB1,2QcZxAgcs2I1q7CtCkl6MI
6XBL9naPxZjATbmGAWGJ9V,6f4srX54JFrLNK4aTJe2Sc
4fJlSLYLiu5trFCMZdSQDC,6g641431O1Xkl7HAs2yFEg
2VEt42QSQxILgEf9B50xxm,0Awqm7GXGiBp8fJNGvywra
1IVj6CsBbTgOEpo0W6hgwN,3PutidTQajzWO1gTetJReW
1pbb71pOKB5iqfkju4NmPj,5MfPm7ai5Y5vRePZ4MC9XL
0Eh0C7rpC5E0sPy4OcLdsq,0Awqm7GXGiBp8fJNGvywra
27FOde2nUw0pFuj7hlPbaS,6xErgeZYatiaQ36SB5bvi8
39HrUxcvKF3jtLz7fUDWXc,7lbSsjYACZHn1MSDXPxNF2
3CEkc8f1UDvI7kohz3ARpA,01u3qI3xMGFvktXyRSMGRZ
38DlSDrx9tgc5Gfq6y3aBa,7n2Ycct7Beij7Dj7meI4X0
53yiHIP3ptxWtT4ambRcgb,3KZMUYrA5eIfgZdIFRmNe4
0KWnRv3wxjltYVB3MqjNd2,4TcOznbEZBqev21LzAH4KE
4QZMBVrBLAvBryj8ZJIIY2,1xMn0bhYRWHDV01mU8gP1J
6la3Kme7O7D01fJPxgpAS5,7hmSHY9HVVQKejpGbPbo16
0FfNFvy5KRRyB2snvK39zL,5PeVQEj4Yr0TB9CuG83dPB
0FfNFvy5KRRyB2snvK39zL,01u3qI3xMGFvktXyRSMGRZ
2OR5FUKy3GQ7I9DCbRnfsW,5fEQLwq1BWWQNR8GzhOIvi
69zgyr5HVKdInjeKpq1qHa,3TtgOeQcNkf9WVDA4xPBJM
61AZsmFB3VoJdmraMk5ZSn,6udveWUgX4vu75FF0DTrXV
61AZsmFB3VoJdmraMk5ZSn,1oSPZhvZMIrWW5I41kPkkY
69AvckyixY1AIGRYDZ1QnO,6zCAdMK7SVxKyGMnAc26Cy
4U0bL1ouvksMgvXU2aKq4O,1Gv7r0FAYOhJF8Dzi6MebN
4fsQ0K37TOXa3hEQfjEic1,4SpbR6yFEvexJuaBpgAU5p
3V2v19gDm4rmRkMwcgS4X2,5PNcqs6EtD6gSXgUiiJIUU
6FSOibqLCbhFrmGdqMbwiZ,376pcuw4IgWBMOUwCr8kIm
6whxKQ0Ocn1FmzpDc7lTHq,5fEQLwq1BWWQNR8GzhOIvi
7IiSESHLOtsoEXTlXa0bjJ,6DuHQk8gJbyVlhajer8IuF
7tgzj2IqzSgUpxUhjmcF5m,6xErgeZYatiaQ36SB5bvi8
5zwwW9Oq7ubSxoCGyW1nbY,41MozSoPIsD1dJM0CLPjZF
3OC84eKMxRJ4x0Hcwl9i4i,2JBUyLiFvpFPWdZGqIGYLD
6ZxvapmYLdLdRCdIFR0NRQ,0TCVoMXRAScM2rS0pvopLM
6zjk7Qbwb9DZ4ykUUoqknh,0QZqdhoRQkn1VphAa5eX8h
5Y47GrCrjQY44qFv8Gt0Gm,5fEQLwq1BWWQNR8GzhOIvi
70ywpHtaToCmnULRT9Vu4p,1r9DuPTHiQ7hnRRZ99B8nL
0rhI6gvOeCKA502RdJAbfs,0ghlgldX5Dd6720Q3qFyQB
6pFxVcn6T4BdP8mfZpTQHZ,5ZxRmJ21NzjxD2ZGBxi7um
6gOZzuHIApHtAPTelkOMUc,4TcOznbEZBqev21LzAH4KE
4Rt9k4SE8dbfKzngxKJPq9,2elBjNSdBE2Y3f0j1mjrql
2pIUpMhHL6L9Z5lnKxJJr9,6HvZYsbFfjnjFrWF950C9d
3uvoZKtpufJ9F2ETKGPlh5,6xErgeZYatiaQ36SB5bvi8
0okYvXKPqzZpj3iZrJH6JK,0V2oXYR7DtrZAEFeILRW2r
3WCrBnWabeuTk2wr6UwaYV,1GMwSpFzrLd12jUX15bHB6
4OH5Cd8ZOI1eSgJSC9PYmU,1Zj4GtouAnxHq4qw7ooLfm
4OH5Cd8ZOI1eSgJSC9PYmU,1dpqJqIuNqideTvmxBsSku
7lOGCEsmoHqai3PHS9kbTa,0KOSzgkMlkeowt1tgIg6ca
7lOGCEsmoHqai3PHS9kbTa,3NPQ2qMGXAR0g1COJxuZ8r
7wANX4VfTwrZrL6inJrqCM,2qW4eDZVrF6mlcuaTBEMjh
7wANX4VfTwrZrL6inJrqCM,5FqTuN42w2zGw4Pzd50yaS
4ist5GP5r7UDz9gdsiJmYd,0V2oXYR7DtrZAEFeILRW2r
4ist5GP5r7UDz9gdsiJmYd,0L3wrFI3QcbXAvFL7IaPQX
7toL7Re9rApzIuIFDaLQSe,3ZKkHPTZTq8z8pokwZiInd
2Nt4eocAv9wi1vHshhSdpF,1GMwSpFzrLd12jUX15bHB6
4o4kbDP7DMVFPwAf5D5bj9,4StjyzjcmZ7a9QncHVf0pu
5ATwkalJ9FnLp7Zcvxo1rl,5PRW6j58xEEWL4DDVEITKT
5ATwkalJ9FnLp7Zcvxo1rl,7vyG44Uv5jGIwwm2Ha0nE0
3QopdONAzZHRO1P4UQrNvw,1dpqJqIuNqideTvmxBsSku
1MbZ6YY51arGV7mqeAb0y4,6sBSLIunx1Je0Y2T77wpkP
2Pe8d9oClBgLkkz2N35AiN,1CcZoULzFHa8Uhwo6OlQcp
4BeGu2WQNlpiREpmWGHD8U,6LnJKrtFnTEGdbWQ2riWCL
7Ebb2WheOGGauCH2wuQB55,6CPZWzcKiOKkHn4L2XI4i2
7Ebb2WheOGGauCH2wuQB55,5JJc8is4VzgOz8ZanDj18J
7Ebb2WheOGGauCH2wuQB55,4xklx5DAtVru5uf3vSXTgf
4wLpDd099QT7TmNpMkFIvT,51DevdOxIJin6DB1FXJpD1
5flH7FY4ledAQboO5a0XQ5,51DevdOxIJin6DB1FXJpD1
5flH7FY4ledAQboO5a0XQ5,3BVPc9s4JXzM6O1InlLxED
755Pja1zaA687Vql25NHwP,25gzpFRLdteuie1gW4a4hK
755Pja1zaA687Vql25NHwP,1nFJWl30l3PAHei86OxN0i
3ABGx9FyeEdMCjDR5TyfdV,4otJVkrLLqDF8OxFJOigme
3ABGx9FyeEdMCjDR5TyfdV,2sOq4hJZRAybcz8AvKjDK4
4HuB9A0O1XwmwTVtTgODm8,6bGOmNBU1AOgttgOjh0ldf
0XNX9BCSWvEwsdBwUTRhMh,4XP7cGw4t8BqZ8Du5q3bHg
4yhO1qzAICkyoN0w2P2Za4,3BVPc9s4JXzM6O1InlLxED
4O9hcXs1ohtbw4xnMU8wfo,3O6mcOK5C1hkMfwrSkNPMM
13THdxqHT11aSk3G8nUDzZ,4otJVkrLLqDF8OxFJOigme
2V4rAqDOrVzthQXJ0PpoNW,6CPZWzcKiOKkHn4L2XI4i2
2V4rAqDOrVzthQXJ0PpoNW,27JkefjyyNpoRTWGDIt6Tc
7dWOeNUJfixlvUcpZD90YE,1CcZoULzFHa8Uhwo6OlQcp
45dj2Fx0LiZgSuXGnyLDRG,2boacFGRX1WIo7NFS8B0F2
45dj2Fx0LiZgSuXGnyLDRG,16GyR4WfCnIT2XST4ZLl2B
10n66m41IGjA2ZulKPK7Ew,2aZlYOswKNlrwqpuTsckKd
6t18CcJVpnFAoWfcZxiZtk,5PRW6j58xEEWL4DDVEITKT
38QSynLcDBfbETORhSsssH,1gta8KxWev006kmzUCM0a5
7lkqbdBKrsyNNq3xi0LeaY,0L3wrFI3QcbXAvFL7IaPQX
5nH1QRipfAJ8Pd9rFu3xHh,5PRW6j58xEEWL4DDVEITKT
0K2nzvf5Pn6IO0Xyt36iNi,1oR56GSDAFgtdKmSl6qU1r
0zQ8vXWLqSyBi5bYebveW1,2a2YSCx78HHWVOsCuMpeXz
7wy9gDTUipeY35NKn45ru5,64d1rUxfizSAOE9UbMnUZd
65tIJClJx8fHo6YW4wVDhi,0L3wrFI3QcbXAvFL7IaPQX
05QuKF12UfS8ReyTQKbs4o,1CcZoULzFHa8Uhwo6OlQcp
0ywlnV6QEZneCbbqLev6qL,4Vr0nv4nM4aqWfj76zDTTp
5UV2oqgMXvlkOvvtK3aT7f,5ixQSDvAMa5O758xG8MWXT
6TnN1PLNMaIBvnUB8mdVT1,2SqjgMx7edUilMzPosMR1P
5sIHhx9IOpQ7ggv16wLsWZ,51DevdOxIJin6DB1FXJpD1
4Sng3wnol2Gb2yXgFdr9lj,0PhqM7UAxtvWYi5j4MwxSl
4Sng3wnol2Gb2yXgFdr9lj,1dvuibBCx9TnbCKIdOEF4l
5kpkEb0M49YM516trGUSWS,2hiKZUSxd7c4Ab57KAQ3SW
4qcngMZ8yF98sAnFKlvXPN,0V2oXYR7DtrZAEFeILRW2r
18Ies0Fsw2IwDuLoOhDlyy,1mpOD8ZwHnbsryIuXWq0R1
0r6tglSiN3TZTyRMvMCR5B,2aZlYOswKNlrwqpuTsckKd
7jnN5sT8rk6PIvBZRWYdJj,1CcZoULzFHa8Uhwo6OlQcp
11AkXmBdjwu4upt22GjJrG,7DDrfx7EEOeHSZUkpTIn59
2MvIexkUblP1QdpBzKot3N,51DevdOxIJin6DB1FXJpD1
2SwQShWjZsxoGviEyaEMOX,6LnJKrtFnTEGdbWQ2riWCL
6iJUSrA6XoX4FNLGPqzHOv,6UCQYrcJ6wab6gnQ89OJFh
5RobAV5ROH5KARimi7n3cO,4UWWa5dKgTLAx8mv6Ju6X1
5RobAV5ROH5KARimi7n3cO,3yDDYheQFqfhKZXdjFQuuP
6BePGk3eCan4FqaW2X8Qy3,2o5jDhtHVPhrJdv3cEQ99Z
6BePGk3eCan4FqaW2X8Qy3,45dkTj5sMRSjrmBSBeiHym
220n79cLlh2NwvlIEEKpKt,4Dokdwa3WB7ilQ2c2qvIBL
220n79cLlh2NwvlIEEKpKt,6ZzzrehTAdrM8y6saVjtoN
6UN73IYd0hZxLi8wFPMQij,6AMd49uBDJfhf30Ak2QR5s
2r7BOWS3bEYjEUbLiH8kVM,3GxKJzJK4LpsYGXQrw77wz
1eprzC29mwUQqcVj0eILdx,1zNqDE7qDGCsyzJwohVaoX
1eprzC29mwUQqcVj0eILdx,2PJEagPIxaBugeMjIyKVXF
5uSFGgIfHMT3osrAd9n9ym,4GNC7GD6oZMSxPGyXy4MNB
1xzi1Jcr7mEi9K2RfzLOqS,6vWDO969PvNqNYHIOW5v0m
4JBiO7wRnE6ueszEUpo347,4GNC7GD6oZMSxPGyXy4MNB
3azJifCSqg9fRij2yKIbWz,2jku7tDXc6XoB6MO2hFuqg
4rPJSqrov3zqGwXlemLBMw,5KKpBU5eC2tJDzf0wmlRp2
4rPJSqrov3zqGwXlemLBMw,12Zk1DFhCbHY6v3xep2ZjI
26b3oVLrRUaaybJulow9kz,7kjSuFGKhLm8b5qXoMhRkJ
39JofJHEtg8I4fSyo7Imft,4XC335ouK6pXyq4QiIb8bP
39JofJHEtg8I4fSyo7Imft,6uJ51uV5rYzu1MJkC4CceI
003vvx7Niy0yvhvHt4a68B,0C0XlULifJtAgn6ZNCW2eu
0JIhRhZPF5j5dx0FGqTWxy,49jTY62Cpw3RYo4dLuG43W
1mea3bSkSGXuIRvnydlB5b,4gzpq5DPGxSnKTe4SA8HAU
40SBS57su9xLiE1WqkXOVr,0HxX6imltnNXJyQhu4nsiO
3LtpKP5abr2qqjunvjlX5i,5H4yInM5zmHqpKIoMNAx4r
2LWJ0zNei0z2WjHHwSNUkx,1nzgtKYFckznkcVMR3Gg4z
2LWJ0zNei0z2WjHHwSNUkx,6TLwD7HPWuiOzvXEa3oCNe
2L9N0zZnd37dwF0clgxMGI,1GmsPCcpKgF9OhlNXjOsbS
3i0FkJYlU4MFfYkjFHXXAM,2wY79sveU1sp5g7SokKOiI
3i0FkJYlU4MFfYkjFHXXAM,7CajNmpbOovFoOoasH2HaY
3i0FkJYlU4MFfYkjFHXXAM,3KedxarmBCyFBevnqQHy3P
58ge6dfP91o9oXMzq3XkIS,7Ln80lUS6He07XvHI8qqHH
5vlzH0ps6WDyb158oFTAb3,6DgP9otnZw5z6daOntINxp
5vlzH0ps6WDyb158oFTAb3,5SHxzwjek1Pipl1Yk11UHv
12YCYHtGcwm9kbSmbcWB4f,6a3WaWgxrVmNIvaiTCI0Kk
0eTCdGJVebRb5e6PXR73D9,6a3WaWgxrVmNIvaiTCI0Kk
6oNgurLd0pCnLMWPOxt5Es,6a3WaWgxrVmNIvaiTCI0Kk
4dbqhooQ6Q9MJsCYTKyKYe,6a3WaWgxrVmNIvaiTCI0Kk
3i0kzCSbAY2kDX2xiJdRLE,2eBqkaIfoNsOPCQCQEy5fD
3i0kzCSbAY2kDX2xiJdRLE,2KbikmQKGiUPR2ARs1h0sq
3i0kzCSbAY2kDX2xiJdRLE,2d7AMvzFwh5wUTuqQl3BAE
3i0kzCSbAY2kDX2xiJdRLE,2X22Hm97hQA8mFjSrn2foA
705n1V0dBe4UOZC1oaah9a,6a3WaWgxrVmNIvaiTCI0Kk
2rfl7SRwfel3gNhXBmL60u,2KbikmQKGiUPR2ARs1h0sq
2rfl7SRwfel3gNhXBmL60u,2rR0cafJvL0JVTC8E2qIqt
0QiwUoiD9DZ6VGF5qgf6yg,7c7ZeiPKWHf2E1rsf1P4VF
0QiwUoiD9DZ6VGF5qgf6yg,5RaTuqY7SJHvh6MNzMagut
4EKSw9Jzun2WFvjm2HU58X,1w2fVGZN37TieWhlqS8UwB
63Dymm6U4WHLRy87e8GBbo,4ZwOlDVAGXQo66ykbLQ8dP
5O6qenUvH31dan0pojwLj1,4ysmSq2N7badobfVT6YZ82
7JqI6lxV0zDu8wIUYegsGE,1w2fVGZN37TieWhlqS8UwB
7E78vk7szNr8GqZO0gjMWf,6a3WaWgxrVmNIvaiTCI0Kk
5TC5naM4A19URX3rAKAeX3,6a3WaWgxrVmNIvaiTCI0Kk
7tleRLLNqW5yH7846TguuZ,43BxCL6t4c73BQnIJtry5v
7tleRLLNqW5yH7846TguuZ,45ruzGUmIr8WLjLOPJ9mGU
7tleRLLNqW5yH7846TguuZ,5RaTuqY7SJHvh6MNzMagut
0BGEImCBesJKIm5kZ0fOkH,1w2fVGZN37TieWhlqS8UwB
0BGEImCBesJKIm5kZ0fOkH,6aHaYKL09sA8L260zXNlVR
2hDrbSyhJstGmPDmZDlDTH,6a3WaWgxrVmNIvaiTCI0Kk
544G00CbV8gz0eqpeEAvhg,6a3WaWgxrVmNIvaiTCI0Kk
5fS3B6lae85C2rA8jPfoE2,5RaTuqY7SJHvh6MNzMagut
2kVFy8VoECOiRdjQqHtUNw,6a3WaWgxrVmNIvaiTCI0Kk
1aOl53hkZGHkl2Snhr7opL,3QSQFmccmX81fWCUSPTS7y
60GwMZeymeZYj7GiEzHQ7d,4ZwOlDVAGXQo66ykbLQ8dP
60GwMZeymeZYj7GiEzHQ7d,3RYYha3CC7js2PHbcBHewt
2qu0CT9kxrXUIltBW09K7B,7wy9Plp8SD5l3LDuJubTcv
2qu0CT9kxrXUIltBW09K7B,1YwMnnHvnG64fJxYSVwmN6
3fe2pEkW24bNn4WCOt1b0s,1w2fVGZN37TieWhlqS8UwB
3fe2pEkW24bNn4WCOt1b0s,2zz39zNTuS1kmfa5qLMblM
1v1gAoEB2WyRE87LtFV46D,21gbsnlPT5hyxKDKHsBtQj
5UDkdxN87TOPiL7cTNkh7l,6idjJt47PjFydVRrAlNw4C
06bMZsOQ6qQGHCTeM9r9bU,0OhwwB6b7ugDTS41UT4YJS
1qy2BuZzSU0JHnGqWRwV3N,6GTwMrB4u3hwcUyc9sU1UL
4TduZWpCeQP1YKrrqzPbw4,2KbikmQKGiUPR2ARs1h0sq
09N9LGyKqWlLViq2bQjFxR,6a3WaWgxrVmNIvaiTCI0Kk
09N9LGyKqWlLViq2bQjFxR,4ZwOlDVAGXQo66ykbLQ8dP
22fNmvVD1bC4rWv6hg29pC,1w2fVGZN37TieWhlqS8UwB
4XhW9iOypxiiNyIMpirPFv,1w2fVGZN37TieWhlqS8UwB
3LlqJkcXMBIAE5X1uUiZUN,6GTwMrB4u3hwcUyc9sU1UL
7DzV3IBvCHicokoiUCpWda,2KbikmQKGiUPR2ARs1h0sq
0Sfn2TYbpQtCGMBf6C0Y6T,52iwsT98xCoGgiGntTiR7K
0Sfn2TYbpQtCGMBf6C0Y6T,7iK8PXO48WeuP03g8YR51W
5qP24CrDI0rmY5zwRvUfzU,52iwsT98xCoGgiGntTiR7K
1DxEbt6OSbrkRthk6pjZue,0niAkxgT6y57bRbT0Ge94z
1DxEbt6OSbrkRthk6pjZue,48R2gYdPKtfnfKAzhSVPUx
1DxEbt6OSbrkRthk6pjZue,0uxYECT7XqHNccQAg5Uhe4
0Iozrbed8spxoBnmtBMshO,52iwsT98xCoGgiGntTiR7K
0FirgnvrpCkkhdaq64Gfen,52iwsT98xCoGgiGntTiR7K
3pjvkWO9fqiRRBE1tDLu3S,52iwsT98xCoGgiGntTiR7K
3pjvkWO9fqiRRBE1tDLu3S,3m5qlPf2OkihLz3dRYnkPA
5q86iSKkBtOoNkdgEDY5WV,52iwsT98xCoGgiGntTiR7K
4EQOGfssbSpTlV6EZRtrSv,7iK8PXO48WeuP03g8YR51W
4EQOGfssbSpTlV6EZRtrSv,4VMYDCV2IEDYJArk749S6m
5yocaqYG38qpSSxV1t0o3D,52iwsT98xCoGgiGntTiR7K
5yocaqYG38qpSSxV1t0o3D,3lY9Fxceu60W1rbon7PkuF
0NO2zL0kw8sGGnaMvHKAZF,1Yj5Xey7kTwvZla8sqdsdE
0NO2zL0kw8sGGnaMvHKAZF,1bAftSH8umNcGZ0uyV7LMg
0NO2zL0kw8sGGnaMvHKAZF,2UZIAOlrnyZmyzt1nuXr9y
0NO2zL0kw8sGGnaMvHKAZF,0rjms710nwQTdrQheXHJfz
0NO2zL0kw8sGGnaMvHKAZF,2NZD6Gqfk60GEcAAnJKVsR
25MXhQD6t6jkWhYcuGBcjt,5fmYDIdgEkSgLdL6esxgfp
0CYTGMBYkwUxrj1MWDLrC5,2LRoIwlKmHjgvigdNGBHNo
3vKYvbzB7801a5qd47pxkm,0Q8NcsJwoCbZOHHW63su5S
3vKYvbzB7801a5qd47pxkm,52iwsT98xCoGgiGntTiR7K
50naDXYjnGlLgrE7yUxsok,52iwsT98xCoGgiGntTiR7K
6WbAhuwE6fCOriBu5786X1,790FomKkXshlbRYZFtlgla
6WbAhuwE6fCOriBu5786X1,3m5qlPf2OkihLz3dRYnkPA
0xCRFfgIHOsmovVZzrFCoT,2CCgb0KApjfQDuTppovpf8
0xCRFfgIHOsmovVZzrFCoT,4az97MtWmBQ5Db3GfDh9j9
0xCRFfgIHOsmovVZzrFCoT,2f6TzIGIIxEuwp6o7kEbhy
53tfEupEzQRtVFOeZvk7xq,7ltDVBr6mKbRvohxheJ9h1
4uVEdikP5eLUy8Dq6gjiPV,1mcTU81TzQhprhouKaTkpq
4uVEdikP5eLUy8Dq6gjiPV,4VMYDCV2IEDYJArk749S6m
0otoSS2m3QjbDLzsHMobgK,14zUHaJZo1mnYtn6IBRaRP
0otoSS2m3QjbDLzsHMobgK,7iK8PXO48WeuP03g8YR51W
6OzUIp8KjuwxJnCWkXp1uL,1wZtkThiXbVNtj6hee6dz9
6OzUIp8KjuwxJnCWkXp1uL,7ltDVBr6mKbRvohxheJ9h1
5S7FewmYYyLNdMOfeEcB6P,0Q8NcsJwoCbZOHHW63su5S
5jt25aFjW2kNoBqaEVaz5W,0Q8NcsJwoCbZOHHW63su5S
5jt25aFjW2kNoBqaEVaz5W,2LRoIwlKmHjgvigdNGBHNo
2hLXUbsOU9cDb9RFva9FYr,0Q8NcsJwoCbZOHHW63su5S
2hLXUbsOU9cDb9RFva9FYr,6nVcHLIgY5pE2YCl8ubca1
0BJMkf1sQmY3TwcHapARZI,1mcTU81TzQhprhouKaTkpq
0BJMkf1sQmY3TwcHapARZI,5jNjbQYkujIbjSvvKroBlv
6G12ZafqofSq7YtrMqUm76,0EmeFodog0BfCgMzAIvKQp
6G12ZafqofSq7YtrMqUm76,1i8SpTcr7yvPOmcqrbnVXY
6gN4xor5X60aNKrvyjMBPU,52iwsT98xCoGgiGntTiR7K
15wMJJiVpt2ABQw032Rywi,52iwsT98xCoGgiGntTiR7K
5x17YrAwajDUCqB8zT9ElY,5Y3MV9DZ0d87NnVm56qSY1
5x17YrAwajDUCqB8zT9ElY,7iK8PXO48WeuP03g8YR51W
4YBgxy0sK4ykesIYuLldxz,52iwsT98xCoGgiGntTiR7K
4Rjq1TZbF0bDstOs6SiI6J,768O5GliF0bqscyghggrbE
4Rjq1TZbF0bDstOs6SiI6J,52iwsT98xCoGgiGntTiR7K
4Rjq1TZbF0bDstOs6SiI6J,0Q8NcsJwoCbZOHHW63su5S
4SMeOd5Fb7Rp92ODZTWCHV,52iwsT98xCoGgiGntTiR7K
4SMeOd5Fb7Rp92ODZTWCHV,0FwnPHExlRRxEZPLAi5tmG
7rJ1eWSl8VIoKW9Qj7ImSU,52iwsT98xCoGgiGntTiR7K
6i1g5ZRmJZAkDwBaUZ3f2i,4axKuDPr6WKcDCyh8vueTY
24PUqZJcXUjByIybGftoHZ,52iwsT98xCoGgiGntTiR7K
3otxqaLl04PmaRD4zmOJeO,52iwsT98xCoGgiGntTiR7K
5R2hNuiiwnKVAUNktF9j2Y,7dL0nOHwnSAsNAwpkPSGWP
5R2hNuiiwnKVAUNktF9j2Y,7eLcDZDYHXZCebtQmVFL25
58cEG7FsVoipRiRKUMgOjo,1mcTU81TzQhprhouKaTkpq
58cEG7FsVoipRiRKUMgOjo,0GgyFUpOyzWDRDqx8FCTDN
76Oz7riVeTOze5U1ceIt41,1mcTU81TzQhprhouKaTkpq
4f1IC0mWzqRcYtsALav0kJ,1UdLtKAD4FbM7r2XCfAWAs
4f1IC0mWzqRcYtsALav0kJ,1hIZRiy8VLKDzZSk1SyjvP
0tNhrnTkLSMUkql3iTCgW4,3YC5DVJDjyazvB8hxJSybr
5RX8T3EoTuXcybAxe6oPAw,6LkMGN0t3HDNL8hIvma70r
1mHRqzrSR9MQaryDj6GibE,3bAa4FKwIgwWYHdaUJicmE
08Y12A4mwKiGIOvap0hHPH,4cmLVUbkth6BauCptSGKsV
12zIIWVV5guPmsV7yQGsOM,5sDIQrB2V7pRAdNM8dEc7g
2IWvgjThRD86tBtx19JYLn,3kKa5RWsRwK2f5Xu2RHBB7
2IWvgjThRD86tBtx19JYLn,1UdLtKAD4FbM7r2XCfAWAs
6ISLBKxChtxZ5Ws6nO6Cbi,04UpsyroM3wyQYwhYd9mSv
0SKqOkYoE8ebXyTZQaBjnd,4CvGI7cUCGi7gcG0X0nrwc
0SKqOkYoE8ebXyTZQaBjnd,5BTRN678gL6XT4kv3TBopQ
4Mg2rAHrqKXQzLRIwr4j9r,2Pn8JMNrnRnSpNRPPgtiWA
3nNtD3vtQ8yhrxQ5bxaRAB,3aXzx5ES0capjaDyvYsdRI
3nNtD3vtQ8yhrxQ5bxaRAB,2Pn8JMNrnRnSpNRPPgtiWA
47EttOPfJblOFsztpSseEm,5DEU6xCvrSgrpI5GsMFZng
1Myk7vkJ2IZm88Vt9IC21u,5FgAhHocNrSCn7Ox87uyef
59EjpBgEOq3kr53cNLAcF2,2JSX0lIYekUp6F301cTHkq
59EjpBgEOq3kr53cNLAcF2,5ZZqIQ25HQmufjjf2trwFO
0lPrY8sXUen0bqga0BIeWa,3YC5DVJDjyazvB8hxJSybr
2Xt73nX1u3QHzJmQlpuGMP,7pRRxojl7QoW1M7s4Zhxo4
2Xt73nX1u3QHzJmQlpuGMP,3Lc2yroP05lRK5z9NtQTkc
4EXBxZeqKIayJa65KtAwZw,3OrwN1mr1zEbdm0OqnPphh
4EXBxZeqKIayJa65KtAwZw,4Q4b4S784htx6DtxcMUfMO
4F7V4HGz5qeokniev7MT2c,0hidKEfknd2aNabseugaN2
4F7V4HGz5qeokniev7MT2c,7CPIskNnQ0GYgQa3NkcLMf
3KOKML3DT5AbPOQYWjBZTh,5sDIQrB2V7pRAdNM8dEc7g
3KOKML3DT5AbPOQYWjBZTh,5SpJ7wupgkKXKKpMATIhe9
5IrehI7ObhFWGhWxGb65U1,4qojHFVaMgvpZZ1LW0L9To
1Q1S0iW0vVwRdHrHi7wa94,4e9ntSageEujJboJQBXtCd
1vKaXLIYk3t1OOM6zL2xpT,2E93OTghhH2JKYUWt48gFK
4LF4LXtyULKaS3skaAndBp,2Pn8JMNrnRnSpNRPPgtiWA
14LdhxElpZS0rKVV4nxtdA,35HMF6Y8dSzNfeJs3X65fw
3dMSUouXkSMQRxrn5tQFB6,0hidKEfknd2aNabseugaN2
3Ksvxtooh9DzGfWv64bYkp,2E93OTghhH2JKYUWt48gFK
3Ksvxtooh9DzGfWv64bYkp,5BTRN678gL6XT4kv3TBopQ
0oiz37APFPumfnCdLWNYjO,4Qk8DhjJRW0Dwd039aVOfr
79Hll9uh2wBbKqDJc4LuXl,3OElmmR1D18e4dPTISAF5r
79Hll9uh2wBbKqDJc4LuXl,5zod5X1F6ZTshIfpg2vVAF
244HqAdMLdMTElPUxvT9RT,4cmLVUbkth6BauCptSGKsV
21GN53EvKL963Dr2Q2B9SW,5BTRN678gL6XT4kv3TBopQ
0WzmYcHhfkchwvZagvItxK,55mdlQp6zN8zdyIYB9DDQj
2QS3MUxQ1oZvaThkIX0SmT,5BTRN678gL6XT4kv3TBopQ
2QS3MUxQ1oZvaThkIX0SmT,7CPIskNnQ0GYgQa3NkcLMf
2G1gCuldjtW9xcN1n1yenB,3aD9K1zaLQ3G7yp9XV5E4D
2G1gCuldjtW9xcN1n1yenB,2JSX0lIYekUp6F301cTHkq
1RCQAeceDgtbD7WVLWr05S,0JTMRuiDzOCjWuYtWMgv2s
44Xyja7xYPlVC6v2CeweSi,0lAWpj5szCSwM4rUMHYmrr
44Xyja7xYPlVC6v2CeweSi,74NBPbyyftqJ4SpDZ4c1Ed
6qverLcFcryBhJBgomIZjw,6IKJyoGeFRCRDb90U6AEzp
6qverLcFcryBhJBgomIZjw,7DdW8Ert3Z36hb1FkaZWiI
2h9FYDFYIScQ4dHtsL70gn,1zNcOiKaCyEKnoHpc8QNra
2h9FYDFYIScQ4dHtsL70gn,5BTRN678gL6XT4kv3TBopQ
55qPuI6NekVyNPM6kh5DN4,63RF3q8ejWJup6nAPb3KLw
11BKm0j4eYoCPPpCONAVwA,1HY2Jd0NmPuamShAr6KMms
1F4ndGt7gZ5bD8h2Eam1uT,4Q4b4S784htx6DtxcMUfMO
0hR9rAzfwW8EuutTXdSzuF,0PI47Yot4sf9TVpnINMnPC
16FTTvpIgihyei3EBNw1jd,7LmtogB01302Utf3C3R4GT
16FTTvpIgihyei3EBNw1jd,6Te49r3A6f5BiIgBRxH7FH
3xrZCGMyXIDqesVz4QwJOL,7IlRNXHjoOCgEAWN5qYksg
5UPpgOKi0UQMMMSzWWgJJe,54kCbQZaZWHnwwj9VP2hn4
7wNHu6h06KBh20KVYmnRKa,2ubn2zwyYaLdHOCKnTouU2
3NzxPt9QFCTsFBQ0wPVTDe,6L34dW6SKMSDaGIfYDU19j
3D29kjUyWxsT3jUUTtARVQ,5gqmbbfjcikQBzPB5Hv13I
4serT1J6lu8eTsMMG9VhF8,7IlRNXHjoOCgEAWN5qYksg
4serT1J6lu8eTsMMG9VhF8,3vUMXQ9kPnZAQkMkZZ7Hfh
1xLCwgQcF6bKncTJmRGGws,0LKAV3zJ8a8AIGnyc5OvfB
5HavMB9WGE33KK6NL8XjXl,6L34dW6SKMSDaGIfYDU19j
2Jof799F251cl0DyUW2dqW,20pbz4TbpkBUr5JwYfGgPS
2Jof799F251cl0DyUW2dqW,7yeFMUrYTY5cAZx0GKXnti
2Jof799F251cl0DyUW2dqW,2sBKOwN0fSjx39VtL2WpjJ
7A2DyRIqqelhZ4caPJMaFI,20JMfmzDb5cjHxEoMXXMyY
43vjYTKZg8R5LsuITJ4wVu,2s7fZ34RK8RUJQ2ewsh6I5
0i9RysNKssk6syOrKDX3U2,5gqmbbfjcikQBzPB5Hv13I
0i9RysNKssk6syOrKDX3U2,3vUMXQ9kPnZAQkMkZZ7Hfh
4wNyrbY6B2Okii8VeKo2B2,3vUMXQ9kPnZAQkMkZZ7Hfh
43eoqH9CIZqy7VXLnwwMnu,7IlRNXHjoOCgEAWN5qYksg
43eoqH9CIZqy7VXLnwwMnu,0LKAV3zJ8a8AIGnyc5OvfB
7exHT4swWOKL5addPeqkLP,0lAWpj5szCSwM4rUMHYmrr
6YWjskKykdPsBuiTBOg1VK,2UwqpfQtNuhBwviIC0f2ie
0uSjZhPKuYBcObeetfVlpn,3YBJLs7RqR0aPGBgU27nDh
38T0tPVZHcPZyhtOcCP7pF,7jVv8c5Fj3E9VhNjxT4snq
3PqAQRlPl0yOnqqcB6Y5Cw,75oAxYtjhDyLttgvGwQIvM
6PrB4KpvuoYWtwjPC5a44S,0GgY7hjMoGDsX8ZDe2mwds
6PrB4KpvuoYWtwjPC5a44S,7CUFPNi1TU8RowpnFRSsZV
4otT81iBBpaf36roGtzT4a,1Yfe3ONJlioHys7jwHdfVm
5w3GRfKybnACxA4vTuIDAi,5gs4Sm2WQUkcGeikMcVHbh
6btgTbK2UslfSu0qjTEXQm,4FpJcNgOvIpSBeJgRg3OfN
6btgTbK2UslfSu0qjTEXQm,3QVolfxko2UyCOtexhVTli
5klPZRehMLpiKUchPAzKyR,13mm5rU1jvWfWG6uQ46ypd
0jHBAPWVAZIwW67hg0XHnh,7IlRNXHjoOCgEAWN5qYksg
6OZwia8loN0aPS0vTvsBjR,2z2TRvloJt4EfUNQp9rHAi
6OZwia8loN0aPS0vTvsBjR,6Te49r3A6f5BiIgBRxH7FH
6OZwia8loN0aPS0vTvsBjR,6W5uA6CNMf3hd2j4a2XWCx
5atXcF9P7BvCIfCwpALYXB,5qisLjDrKoHMI9zOK2hfzs
5atXcF9P7BvCIfCwpALYXB,1nRbtbdYK51y71nVOxu332
48BdA5qBxXVoe59xvu0bwc,5gqmbbfjcikQBzPB5Hv13I
0S1WhhsVn5wxUngCz5TQnE,1nRbtbdYK51y71nVOxu332
0S1WhhsVn5wxUngCz5TQnE,2ubn2zwyYaLdHOCKnTouU2
4oujvmTUXlPr6jWTWuzfAK,4MRRW42s9ymwa5zu4xTKJh
0Jh6iWjna1wk5le0Ahn7No,6Te49r3A6f5BiIgBRxH7FH
7LKbaK4RD00Nso9EJk4opn,5OLkn5GT6EcMuJzjwgvQnu
0z3bi63SNZ5ylyHOzb81Uq,1lB3I3SI30v2ZOpR4XQqzJ
3x6n0IkVMIqTl7EE2j3R2g,5xSXFYJ9xBDUBxF5VUKDZR
6sCvvleqKbeyOkQDieBYgp,5pKCCKE2ajJHZ9KAiaK11H
3TVUW7bJJWDOonkVCZxfLV,7a35Zdc78bDXJv2vYf5hSO
323zcUSa2qrq0aUAwL30sT,5fg02ZNJViLdPyxJnRdcsi
4fWyBvLIPO68D2Ff87t1em,5vmwWgrlwCfHm1P0vdDFbU
4fWyBvLIPO68D2Ff87t1em,6mS5GeFyhea6w9OKo8PO3p
0LVjBdjZvJykxed42ExTLf,205nyHBi0lspcUT37YqWom
1L8sanepRgDJlQTsPQ4mU1,0Jsk5iYMr5aNjHury7blm1
1L8sanepRgDJlQTsPQ4mU1,1uBw9o9xJfe2H3geRocQq4
1L8sanepRgDJlQTsPQ4mU1,1uUuCEXmWpKN2YLl5xSoT2
0xLnJgUHvPnq6n2ESDSMXF,5wV3FoaNbDB6X9INuQvs1K
0xLnJgUHvPnq6n2ESDSMXF,6ipBn3QaHmCnlaDetcvgRl
50vXZhuyOfXaEkG3jVacmd,0YLlTW9rW7ZCy2cA2u3RYk
2LcmbuYX7tyR4DWy3b273L,6mS5GeFyhea6w9OKo8PO3p
5tiTVSryX1Hu09cPsNvaIR,77IW5ZK1smDQYYKDCQugXh
5y9KXJV7Gwk3Up34fyPWMr,0Jsk5iYMr5aNjHury7blm1
5y9KXJV7Gwk3Up34fyPWMr,7DpYMZzVNrjqw1geHziUEd
1HFFfvXM13DA5hYt6SjhZj,3qV1LDx1ZWWJVdnLuVXAB5
1HFFfvXM13DA5hYt6SjhZj,2ifdw2Mu8P2fCey9VLhuu2
65PPYvLLxqXwYEIdpW8fy6,0MBLQbpbPvJ4oXM0Cj4aKR
65PPYvLLxqXwYEIdpW8fy6,5eir5zFJpES4j7gsymbVyl
65PPYvLLxqXwYEIdpW8fy6,5wV3FoaNbDB6X9INuQvs1K
0DDcpc9ImOsGUWupRj2xu5,4LcUpNlXFEleaLlelmkv2R
0DDcpc9ImOsGUWupRj2xu5,5eir5zFJpES4j7gsymbVyl
0DDcpc9ImOsGUWupRj2xu5,5fg02ZNJViLdPyxJnRdcsi
1ruXNzERqtHdoXULOAcCsJ,5sBoNBXFMzoZjgHLbQueeG
1ruXNzERqtHdoXULOAcCsJ,6OQggpm01CmAB717TKtDCr
7Gzz44FpTbZu0DNVVZjwPs,7hdCH3dJ27WvUbo00gAMwE
7Gzz44FpTbZu0DNVVZjwPs,5oNWzcU0mYK1zDUxBGHIaG
7vtbmvZElsg69HeTdn6N55,6INEFmHKLhMIJAQzHUBAMd
7vtbmvZElsg69HeTdn6N55,7DpYMZzVNrjqw1geHziUEd
5qeKjCFlvCwPlUK3zeBZfD,0IxgA9wO4Op3CSnPlhfwV1
5YdnOm5990Kfq1Jodws98B,4bL2B6hmLlMWnUEZnorEtG
5YdnOm5990Kfq1Jodws98B,4e0nWw2r4BoQSKPQ2zpU13
3K00Ib1shkOEiAXU5pec6e,7f5Zgnp2spUuuzKplmRkt7
3K00Ib1shkOEiAXU5pec6e,67MNhiAICFY6Pwc2YxCO0K
3K00Ib1shkOEiAXU5pec6e,3NPpFNZtSTHheNBaWC82rB
1635wWSdp29PO3GxYhy991,4lgrPvofm0IT605L9OrOTN
185P7rSD4EGHKzCerrvYtF,1g9nyCbUH0kbNgXAsw7tUB
0zKbDrEXKpnExhGQRe9dxt,2o5jDhtHVPhrJdv3cEQ99Z
6n4LMiU6CQu8NuGeuhBwwa,5GvMLzUp6tMBpaCbr903RN
6n4LMiU6CQu8NuGeuhBwwa,7DpYMZzVNrjqw1geHziUEd
3oFKhY9iW9S0iA9OHO9tN6,4xDh11zptvPADSQxvbiClo
0jm8p2ErwB4u3uvxc7vxGy,3gPtUdMiLkJgmQIxFpEhAk
3rb0tMq42WfggucPm0HHkA,0xRXCcSX89eobfrshSVdyu
3rb0tMq42WfggucPm0HHkA,5344K3N7rx7kw1HjO8psuq
3rb0tMq42WfggucPm0HHkA,67MNhiAICFY6Pwc2YxCO0K
3rb0tMq42WfggucPm0HHkA,56Qz2XwGj7FxnNKrfkWjnb
7xTDT7gyIrv0xWpwwXExxU,6eUKZXaKkcviH0Ku9w2n3V
3KZlVBckUXU3qCmi0h0VHf,4hj9dun9KpnBukLv7Hgfkr
5VzimlAe6d9QJgCYgWky8v,66Q9dkZ7EXdwU2h6tEkUdC
3BnDvpeuGOj21Ir2aVEtQo,46pWGuE3dSwY3bMMXGBvVS
1xs8bOvm3IzEYmcLJVOc34,3ZpEKRjHaHANcpk10u6Ntq
6TYFXyFTDZ6qwFPuBJfWpK,3GIadM69XShFZNB3gP67Td
6TYFXyFTDZ6qwFPuBJfWpK,24Lqq3mnesl7IljSVFEBEO
7GZ0lQasbKSKie0I1Bv7Vd,5kZZsRShoba2QQpDAv9P0B
7GZ0lQasbKSKie0I1Bv7Vd,3rTRHzFfbTk5GL3LpYZGHR
7GZ0lQasbKSKie0I1Bv7Vd,24Lqq3mnesl7IljSVFEBEO
0xbSjXWyD0M1ucTtKHPd2N,6w3Rnp6LwJ0BdWgHBiMlqN
0xbSjXWyD0M1ucTtKHPd2N,1CfY8GMX1i8Wd0OVlXt0MG
7esGcqsNB1vSVAeVDfOW1c,5kZZsRShoba2QQpDAv9P0B
7esGcqsNB1vSVAeVDfOW1c,24Lqq3mnesl7IljSVFEBEO
0bg4gJlfoDR0ICj58UfmdF,4wqjUmydj8rX3foHUjNOtB
6Wu2r3oKnrObZf8a18QVJH,46pSx5MtwhorubZuHbwM0Q
6Wu2r3oKnrObZf8a18QVJH,3X23gpg1vPacr0hBARyxtN
4vOoQh9MhS9pyrbvc8LyMz,1Xylc3o4UrD53lo9CvFvVg
0imwUR7oy4kgX2IjMoLPDy,2z33akYL15RgrP5P51vhvx
0imwUR7oy4kgX2IjMoLPDy,1X6PpxnCUPaBW9dFnckNO3
28mdpto16dpOw2vl5B4MWi,3836OTICMPjhTMMcpPw4EC
28mdpto16dpOw2vl5B4MWi,3bprEfGCk6tljbWjtvGQH5
3aiOu3VFNOD9omIGG7nSq1,54NKhABnyGAvbek0n63TAu
5cUqVMM5kxpkud2kKK7LCi,11Vny8qHe4KR50ZIjhz7sz
5cUqVMM5kxpkud2kKK7LCi,24Lqq3mnesl7IljSVFEBEO
6iAzs8DCRsCDkr3UCyptXO,46XcyK8FnyCJJlvYCUwVZH
6iAzs8DCRsCDkr3UCyptXO,0G7lEqLdSyAiUGMB1P9nsh
4f3SD5C93R8QXPNmAip2PR,2HAShHcL0dMLf1iNzmxTi3
4f3SD5C93R8QXPNmAip2PR,24Lqq3mnesl7IljSVFEBEO
6b02mOA9cRfwiX69pFuXUo,3EaDukxGx5viO0MTLW1a5X
6b02mOA9cRfwiX69pFuXUo,4ODEL6BNYKlXrfMUsHMK5P
3VjEyvyWkd09eE6h1weCfn,3GIadM69XShFZNB3gP67Td
3VjEyvyWkd09eE6h1weCfn,24Lqq3mnesl7IljSVFEBEO
4v8yhLDEcRQ6BynXcCrGMo,7KjsjftPKKarTvZlawniPi
56kyGGwLIVAR30ZFiASn8Q,7GgWpPrcNYH90st7I3nJtv
56kyGGwLIVAR30ZFiASn8Q,7lGq0g80TaLqM8uT9HLAni
774f2Kn00cBgYObzXGEHbx,59WNMskn4tSvgnWKXHXj61
2NijPPmzSplyT9d4YdeLse,3836OTICMPjhTMMcpPw4EC
2NijPPmzSplyT9d4YdeLse,5fWn9g8ERHtGKWdkAuomBx
1qxsnAxrgjvPRMcGbsYTgW,3GIadM69XShFZNB3gP67Td
1qxsnAxrgjvPRMcGbsYTgW,24Lqq3mnesl7IljSVFEBEO
4olmG0sFJ6L0LVI8ssiZFz,2rvUlmaAfN7eKSVAcaRj9t
2coLAzVouJE4BC8lrKbDLk,3X23gpg1vPacr0hBARyxtN
2coLAzVouJE4BC8lrKbDLk,7bD3cjwHYADj9rsonLyx7U
4XnMxCBN6BQw6eUFXwUwKb,3GIadM69XShFZNB3gP67Td
4XnMxCBN6BQw6eUFXwUwKb,24Lqq3mnesl7IljSVFEBEO
1oKXshzJtz3zDA6dJY8VlZ,3GIadM69XShFZNB3gP67Td
0SxQZ81RX3icOvVCrLDszO,3836OTICMPjhTMMcpPw4EC
0SxQZ81RX3icOvVCrLDszO,59WNMskn4tSvgnWKXHXj61
0SxQZ81RX3icOvVCrLDszO,3GIadM69XShFZNB3gP67Td
0ZbEc2puxrGJ4VXfJ4VTuD,2HAShHcL0dMLf1iNzmxTi3
0ZbEc2puxrGJ4VXfJ4VTuD,24Lqq3mnesl7IljSVFEBEO
1fOZciVVoZ1RqpuO5i2hbU,0kKygNaCQjqVLrImIftRDJ
0SOgdDDCI704FegadgOfc1,2Dor6diK1zw9BEluKBOdoA
74xfr2lyWfi2qZjWtqovBg,3loTvAld5Tpk5aSNbboGpj
74xfr2lyWfi2qZjWtqovBg,6RjsbK9T7d1UQD1PFEYYGt
1Yn8nh3NeSEfA7Oo9dqCvR,6RJXSfbIkEMoCJ8GAg2dVO
0u8AMrMBM6S3YBDfPYwMfe,3loTvAld5Tpk5aSNbboGpj
0u8AMrMBM6S3YBDfPYwMfe,5uvOG0MwnD2ANrxNBUPtNr
0u8AMrMBM6S3YBDfPYwMfe,6RjsbK9T7d1UQD1PFEYYGt
2e9JCw6tagF1APPHXWy6ff,2Dor6diK1zw9BEluKBOdoA
2e9JCw6tagF1APPHXWy6ff,6eWjyO1r0QlvsIuIIcgGxI
5g9gZGiXlk747pESQzmmRT,04HqRx07Bv9gh7rsrMTqs7
1fIeKG6eI8FZzVL9mhlz8t,55ZGFvikpNjQHvtTWS5aZF
3xPsqMJQNM14OrawTBiK4G,6RJXSfbIkEMoCJ8GAg2dVO
3xPsqMJQNM14OrawTBiK4G,0kKygNaCQjqVLrImIftRDJ
1VJRxqJhpEIpnHon7ssp1p,1aA5OGASCVhznQYm71BMYg
2ZfaBbRMcEgSF8JnJIaEBP,054fVwphDX8QB8Pm7IjRcL
1gbty36aDBvrkV4Ux8Y20r,3loTvAld5Tpk5aSNbboGpj
1gbty36aDBvrkV4Ux8Y20r,6RjsbK9T7d1UQD1PFEYYGt
1PcFYA0p9UxvQkLe18s8gz,51TXQniEQkYh89tfLjiuSy
5maA851Fle6XexgJgJzFjF,73nQT8Arf05XV666SlvrVQ
5maA851Fle6XexgJgJzFjF,42OtrLDsfIE3pD915uvaju
0gLXS6YP75FZnZllPNdEvy,6rYEqmajzlhGVaayOJ2bpJ
1ngA3uuYGhKy42xrYEPnwQ,054fVwphDX8QB8Pm7IjRcL
7I2nD5Z74Ein0fa1P20Zfz,7iW0o1suit8xY24m9M5L0u
7I2nD5Z74Ein0fa1P20Zfz,2ykUp1K8tRaOUFd8vvcwXl
7I2nD5Z74Ein0fa1P20Zfz,4TNb6OInXahdseLnzAY1eL
0078peqORcMMXbcYEfeLkk,2xQUbkvQFCU8DpdBFbMfLq
6D434uIe6ssDPXbCx9O9Bn,4mh3iy6yf2oZYSiy2fdccM
4DJ6P3O5xd11cQMOsPIWg7,2EWsHDexsSInArfFkhA2i6
1RwQZNgaXl01krZHuSUlE8,4uAXlCewJdAu44uAHehKfd
1RwQZNgaXl01krZHuSUlE8,7LBwVPl8kIn3I949KmBVim
6RM3nkmx7A6BRUpNkA6SCM,5U2TzkbKD84n8gHhZtL3Ui
3yEStDgucd72WiJNUZWDw5,3836OTICMPjhTMMcpPw4EC
3yEStDgucd72WiJNUZWDw5,295SPRt7YTtIPdYoMkkF7K
4hYamjfzU3VXJCUkfakO0J,5ILMkt5lW4KAyTXMNYWaGF
4hYamjfzU3VXJCUkfakO0J,46kV0QPO6PgUjtP69hvbfI
5U0ndjpjzmT1aoLr3pB4zO,4QcudLddRQCbX8wrs6i2Gt
43xz0Ed6oE5r3FSblGZtE0,1rKFeRryEci6cxNkdvHzNr
5KMyGMGRiSMZLG1q9sMYRx,2Osj5g9VkHReOlZgfoEQao
3OqnzptKSFrtjr3sldBD1F,2lLqHBjAnD1QyH24pOPoH6
7EN8ZT8lGdXH58ulXwW94R,6yAKbgaSH283c7eAZVgk3P
7EN8ZT8lGdXH58ulXwW94R,2Osj5g9VkHReOlZgfoEQao
7y3tROxVvdzvJGu4NgWV6l,31KGMx2XwpugdUpJzeZOv1
1puxV64QJkmRUhhXt4T9rD,054fVwphDX8QB8Pm7IjRcL
0dXCa5c9CZzkNHx1p6SOlb,2r9JAY6ISvp0VvZsT6cBJo
59uQI0PADDKeE6UZDTJEe8,4oUHIQIBe0LHzYfvXNW4QM
0cv6mTbrqr8vxGC31NjKtM,4oUHIQIBe0LHzYfvXNW4QM
4w9lk0Nyj7kuDxlL5PZVlv,4oUHIQIBe0LHzYfvXNW4QM
3WMj8moIAXJhHsyLaqIIHI,40ZNYROS4zLfyyBSs2PGe2
2GAhgAjOhEmItWLfgisyOn,7tYKF4w9nC0nq9CsPZTHyP
42TtHTxWk782ZBiqyOi2d1,40ZNYROS4zLfyyBSs2PGe2
42TtHTxWk782ZBiqyOi2d1,4NZvixzsSefsNiIqXn0NDe
68Dni7IE4VyPkTOH9mRWHr,6l3HvQ5sa6mXTsMTB19rO5
4686eQ81DEswHa90bcdlC9,3win9vGIxFfBRag9S63wwf
3RKjTYlQrtLXCq5ncswBPp,3IJ21966TwNZI24MwZHMu4
5jQI2r1RdgtuT8S3iG8zFC,06HL4z0CvFAxyc27GXpf02
5Y35SjAfXjjG0sFQ3KOxmm,7tYKF4w9nC0nq9CsPZTHyP
3F5CgOj3wFlRv51JsHbxhe,3TVXtAsR1Inumwj472S9r4
3F5CgOj3wFlRv51JsHbxhe,1URnnhqYAYcrqrcwql10ft
5uU1uuyaUIBOiiUSQG7Wl3,4oUHIQIBe0LHzYfvXNW4QM
6BQrmjAgPfPTwILoFEK3Hd,1U1el3k54VvEUzo3ybLPlM
3hxIUxnT27p5WcmjGUXNwx,35WVTyRnKAoaGExqgktVyb
2wSTnntOPRi7aQneobFtU4,7tYKF4w9nC0nq9CsPZTHyP
3EaJDYHA0KnX88JvDhL9oa,57vWImR43h4CaDao012Ofp
7EAMXbLcL0qXmciM5SwMh2,3Sz7ZnJQBIHsXLUSo0OQtM
6KGtAlYvgm4W9PoYabFAYE,4oUHIQIBe0LHzYfvXNW4QM
3cBsEDNhFI9E82vPj3kvi3,4oUHIQIBe0LHzYfvXNW4QM
1IHWl5LamUGEuP4ozKQSXZ,4q3ewBCX7sLwd24euuV69X
1N8TTK1Uoy7UvQNUazfUt5,4MvZhE1iuzttcoyepkpfdF
6dgUya35uo964z7GZXM07g,74KM79TiuVKeVCqs8QtB0B
7oQepKHmXDaPC3rgeLRvQu,7iWcRnQMinCoV2u5ICgsW0
7oQepKHmXDaPC3rgeLRvQu,1qQLhymHXFPtP5U8KNKsm6
7DyDjhZMEIK5Ied4juTCyc,2rEVnwCPBeGkWMv425KoG1
7DyDjhZMEIK5Ied4juTCyc,5wyWp867LWGjFmYZXVSFnZ
7sJNeWTXkZCEC7OnFMpGWL,3CJKkU0XuElRT1z8rEtIYg
7sJNeWTXkZCEC7OnFMpGWL,2PJEagPIxaBugeMjIyKVXF
7sJNeWTXkZCEC7OnFMpGWL,6veh5zbFpm31XsPdjBgPER
4lkLzhx8zsVIdNd1WANxuA,1aS5tqEs9ci5P9KD9tZWa6
4lkLzhx8zsVIdNd1WANxuA,5eioJDe26lOqkAMbuhzZYs
1pGxSl5VmzBtejKSmuAKKU,5pVRwX5ZQR7hfJ18w8ZYkl
1pGxSl5VmzBtejKSmuAKKU,2hlmm7s2ICUX0LVIhVFlZQ
5BfAcaTKnD5s6hkwrK6EhQ,4sVieJlKgpZ2k9ESNS5IdN
4YxZQd3I4rj1nqkXgvpCk4,6rqlONGmPuP2wJVSfliLBI
4YxZQd3I4rj1nqkXgvpCk4,6zBax4hSAI1BJYgwF61EP5
6yeZM8gyykjaf8w0GqRfK4,2kS9NyuATpYwjeB93h24H5
23SqoExnmW4BTJEYzMJze8,0Dvx6p8JDyzeOPGmaCIH1L
23SqoExnmW4BTJEYzMJze8,1aS5tqEs9ci5P9KD9tZWa6
5qEGAHerczFt3HmL9lhh4j,76dRoxKtDwYkgCQePok9cU
5qEGAHerczFt3HmL9lhh4j,6ARKr2ZoLf9TDoQiZarJMt
4tQA4uDHh6iPaQLWaxeQqH,0lNJF6sbrXXPubqKkkyK23
3kgt8Ys78I6GBZlQrWqZiA,76dRoxKtDwYkgCQePok9cU
3kgt8Ys78I6GBZlQrWqZiA,6ARKr2ZoLf9TDoQiZarJMt
64IFiUCsksRiHrUwfPKw6H,2y1hE8dFL9AyW2Zs7K5UiI
64IFiUCsksRiHrUwfPKw6H,58Wsq5pz5tOvWXBR8hOfxg
4HkRGYJYn1Y99uXpqTyOI6,4Jd9XCHzRXTB7ZPPVzJoUm
4HkRGYJYn1Y99uXpqTyOI6,2Diqn1jFkehRd9MVDGKGdq
6e180XtptMddkCejgq7o8K,07SFzTMeYf5P8Rd32a9Zzw
6e180XtptMddkCejgq7o8K,34LetYSjEuG2fBb4Z8PwPg
5xX2LYdXyx0Boa61rZOjq5,3CJKkU0XuElRT1z8rEtIYg
22skzmqfdWrjJylampe0kt,5BcAKTbp20cv7tC5VqPFoC
22skzmqfdWrjJylampe0kt,3JhNCzhSMTxs9WLGJJxWOY
22skzmqfdWrjJylampe0kt,4myTppRgh0rojLxx8RycOp
22skzmqfdWrjJylampe0kt,4e0nWw2r4BoQSKPQ2zpU13
5ZduaRci3iNUiDfJbBfAaf,21dVknSLCsK37cWozWDZZS
4zN21mbAuaD0WqtmaTZZeP,43BxCL6t4c73BQnIJtry5v
4zN21mbAuaD0WqtmaTZZeP,45ruzGUmIr8WLjLOPJ9mGU
35DkXhxqTMiQB582tfjowU,1OJvqVmekd5OPxlTeHmlBl
35DkXhxqTMiQB582tfjowU,2HIP5sNZWkrPgSBWRk8XpA
35DkXhxqTMiQB582tfjowU,3mmI5HKArDwgggj4j0aJyC
2xIHVoglz5mLrNf145RieQ,3tQzzidoPfVifoURnDfgmD
2xIHVoglz5mLrNf145RieQ,76dRoxKtDwYkgCQePok9cU
4N5s8lPTsjI9EGP7K4SXzB,2ysnwxxNtSgbb9t1m2Ur4j
7fZBQnc0zXwVybgCIrQQil,5rGrDvrLOV2VV8SCFVGWlj
7fZBQnc0zXwVybgCIrQQil,0Upxnyh9nIUNSOmNE8WF4R
0DH7ZmouflLanUgjYaUP0e,3CJKkU0XuElRT1z8rEtIYg
5WBJoNzyDtXLPR60EZIIeA,1bpI6QDUqmfKmV0Tlhj0Jm
5WBJoNzyDtXLPR60EZIIeA,2NJWI8byqTSqDaJRnqJY2z
77gw3ZwYga4BjxOKJW6Gas,41qfKbF6qreDxiWBmOX39N
3uUuGVFu1V7jTQL60S1r8z,7f5Zgnp2spUuuzKplmRkt7
3uUuGVFu1V7jTQL60S1r8z,6ydoSd3N2mwgwBHtF6K7eX
02MWAaffLxlfxAUY7c5dvx,4yvcSjfu4PC0CYQyLy4wSq
3xWGA8pa0IKFI7IMPri4P0,6eUKZXaKkcviH0Ku9w2n3V
6b37xrsNCWYIUphFBazqD6,6wH6iStAh4KIaWfuhf0NYM
6JIC3hbC28JZKZ8AlAqX8h,3PhoLpVuITZKcymswpck5b
6JIC3hbC28JZKZ8AlAqX8h,6M2wZ9GZgrQXHCFfjv46we
6JIC3hbC28JZKZ8AlAqX8h,6n28c9qs9hNGriNa72b26u
7vwTsX8UY5QZmPiQUmWkaL,0dLWSYE7my9AbpQYNJ0ABV
0pfP5XgWsu3uDB6NygGBEq,2gW0M5fn2r7Lo4Hn1r8HZ5
2WcEQUVZAV7RxNBrHmcFKn,3zGV7t4BDmYZBLVA24487b
7yq4Qj7cqayVTp3FF9CWbm,10exVja0key0uqUkk6LJRT
1z9NVyu6rOFQR57vA94xbR,2kS9NyuATpYwjeB93h24H5
0fNYJMvRcSBEC4zK3SClpK,6h1s4i4XKIYv4ErDelLDN0
7lkYdyKCN44Lc5saKwIGhP,3pVfscwg2QxhdHtk966inb
7lkYdyKCN44Lc5saKwIGhP,4Yttlv9ndGjCDCVLqM7ACq
7lkYdyKCN44Lc5saKwIGhP,4lDiJcOJ2GLCK6p9q5BgfK
7lkYdyKCN44Lc5saKwIGhP,5ZY4M2aGiTaZQEP6HfqeJc
4tRhRLBxIZ34Iw0eCuiC03,1GVuCyb4PlArufUZDUnRQi
7jYwZOptDPesQgzj7vhsEF,0VlrorDSkEbLK1D6VvMgd2
7jYwZOptDPesQgzj7vhsEF,1H2agrqo1Y8alTi5Wde6UG
5CGPOGyyF3XvyQwyqlJH0P,2kS9NyuATpYwjeB93h24H5
5CGPOGyyF3XvyQwyqlJH0P,36caCzfSrrL7a8Mvd1SuRr
1kKvfCmzXzRcfszwQrXFPM,2rEVnwCPBeGkWMv425KoG1
6rCnJGzjbgyYyhILDcpJmc,4buOxWb52Ct3BVQQA2R0YM
3JOV6IFlO4cviGK2cqeTVQ,6CP5wWvO8oIxedESJNCN4H
3JOV6IFlO4cviGK2cqeTVQ,7uK2QScoOUkqq8tvtvBIL7
3JOV6IFlO4cviGK2cqeTVQ,2mkCm5VNJTplOKJxcDYMpa
4pnk9Mhzcv3oHxFyARlNNP,2EahEAOUPPXAcncTr8laCj
4pnk9Mhzcv3oHxFyARlNNP,054k3bx4tpjx1tfypvq3eq
4pnk9Mhzcv3oHxFyARlNNP,3Wxidvy1joh0HaRNyvpIdb
2viO8F8cWAkkHqZIE8ouk8,2Im8m4STDBosjfmb5hmP80
6hw1Sy9wZ8UCxYGdpKrU6M,1qQLhymHXFPtP5U8KNKsm6
3PBPLps3EbPjBSSOpKmJ8J,50ZzowkYhUZZ2uGZSXqJbE
2xHZ0R5LYEbD18FOTjO7dO,3eAOH2az3fQIfX2UAw0FfC
6r88rMGtfNgC0SJEytTA7c,3eAOH2az3fQIfX2UAw0FfC
1GfBLbAhZUWdseuDqhocmn,5he5w2lnU9x7JFhnwcekXX
1GfBLbAhZUWdseuDqhocmn,4oLeXFyACqeem2VImYeBFe
1GfBLbAhZUWdseuDqhocmn,07CimrZi5vs9iEao47TNQ4
1LIvdWNdKmHvU0FJvw2diN,20cmhoGvN0eyzhmsHJH1Mg
1LIvdWNdKmHvU0FJvw2diN,5KORW1YGiERJqfuYjXMCyz
0O6u0VJ46W86TxN9wgyqDj,246dkjvS1zLTtiykXe5h60
0O6u0VJ46W86TxN9wgyqDj,5cj0lLjcoR7YOSnhnX0Po5
0ofHAoxe9vBkTCp2UQIavz,08GQAI4eElDnROBrJRGE0X
7dGsBUADSyHoD7zdkKi9Ef,3eAOH2az3fQIfX2UAw0FfC
5JRwHSavFxqA8I5V4h8CLJ,1caoBfXJrbKCwIaTzGkyHn
6x8to58oCuyPyuXIe5Imak,6nxWCVXbOlEVRexSbLsTer
6x8to58oCuyPyuXIe5Imak,5J8UACGRZtDb4WdOzo9YJN
13Irp51zj01BZu2XtDrnAg,56oDRnqbIiwx4mymNEv7dS
48UKTR66uUOT9LaUvooTNx,718COspgdWOnwOFpJHRZHS
4h4QlmocP3IuwYEj2j14p8,7qmpXeNz2ojlMl2EEfkeLs
4h4QlmocP3IuwYEj2j14p8,38PzLQE4GW8o7A18oGhi0x
6HMtHNpW6YPi1hrw9tgF8P,56oDRnqbIiwx4mymNEv7dS
4ewazQLXFTDC8XvCbhvtXs,3MZsBdqDrRTJihTHQrO6Dq
7j1ZJAbcm4AMBf82jIrAH3,5KNNVgR6LBIABRIomyCwKJ
7qEHsqek33rTcFNT9PFqLf,4GNC7GD6oZMSxPGyXy4MNB
1fDFHXcykq4iw8Gg7s5hG9,3mIj9lX2MWuHmhNCA7LSCW
4r3sIECKwgvwpdc6OQEoZL,40FM4DObTM5OGDcH1Q9V3m
64uQ0RbW0FI10W1cGei6FT,7u5bNn2N9tVJtmxMflxj52
64uQ0RbW0FI10W1cGei6FT,39PpUkKS1ul0OKtz72q0qE
5BGdBH8MsaHCgfr4TMpRin,4zhMand4AowXuUz4VpGiTJ
5BGdBH8MsaHCgfr4TMpRin,1pPbDeOdNUcLq32HTTLbZm
1xUnvxp9DFrpwXnO0RHKUp,7F2utINZ6tSokSiZTQBE27
1xUnvxp9DFrpwXnO0RHKUp,7K80yOTC0Id95gRaOxDG5u
1xUnvxp9DFrpwXnO0RHKUp,23TFHmajVfBtlRx5MXqgoz
4CQNELF3U3gyNcI6sLr6yK,7FeObngbQ0GY3SojNwKdKn
4CQNELF3U3gyNcI6sLr6yK,5YV5crRpcdknHgEzystZHr
5pFKuNJdKLyMceZuopqVFF,1MRiIeZbc0cRuxOafDUCtH
2E32Pv8w20r6ZH4oFecxOf,27LlKWxS3KXW7RRAxN5S8s
2E32Pv8w20r6ZH4oFecxOf,23TFHmajVfBtlRx5MXqgoz
0D3QZNAMH2d5MFkVlebo6h,2K5nCggbhSZ00YCYP5qkZS
1la73rdzbQGNRFJyO9E71c,3lbFUmlaNMa9ZVSabLlkhn
1la73rdzbQGNRFJyO9E71c,5SulO4l40qDuV9zUGLZx7n
4midGjEpVz0mYkIdQMFX3l,27LlKWxS3KXW7RRAxN5S8s
4midGjEpVz0mYkIdQMFX3l,0jdNdfi4vAuVi7a6cPDFBM
4midGjEpVz0mYkIdQMFX3l,76UCIJTB0jcJvBaL0CdIqx
1MboxS3hV7Wr8UVO59uRth,2K5nCggbhSZ00YCYP5qkZS
1MboxS3hV7Wr8UVO59uRth,23TFHmajVfBtlRx5MXqgoz
3gMPES6pOosBWxkXAakOxq,27LlKWxS3KXW7RRAxN5S8s
3gMPES6pOosBWxkXAakOxq,2K5nCggbhSZ00YCYP5qkZS
3gMPES6pOosBWxkXAakOxq,1K7IC4qha4KEXySo6yZmnH
5x9LonDyHxGUO2VzfHJHLE,27LlKWxS3KXW7RRAxN5S8s
0T8x9t5OQmYQAuyUPJCCAD,6RdcIWVKYYzNzjQRd3oyHS
39jxR2xnmcBbkdPX9oNzsI,0EqkKYDK9EkKY5N7zU3FPv
0AbDjrdgKTXzGzvQ1drgQl,2K5nCggbhSZ00YCYP5qkZS
0AbDjrdgKTXzGzvQ1drgQl,27LlKWxS3KXW7RRAxN5S8s
50DsGEqRiQr6KdEYi0NuSP,19i93sA0D7yS9dYoVNBqAA
50DsGEqRiQr6KdEYi0NuSP,0jdNdfi4vAuVi7a6cPDFBM
50DsGEqRiQr6KdEYi0NuSP,23TFHmajVfBtlRx5MXqgoz
1XpmMe95dk9jh3zuOMpeU2,5SulO4l40qDuV9zUGLZx7n
1cc9BzqfV6aO0EV8c7jGnN,2K5nCggbhSZ00YCYP5qkZS
6LhPeOpKoX1SnqxDzrS64F,27LlKWxS3KXW7RRAxN5S8s
6K8MYTkn5mZzF6p14hV5cj,24oVOFAARWAYUb1LaedbI0
62YtBUOYuyW9qelDb7tFWX,1KQJOTeIMbixtnSWY4sYs2
62YtBUOYuyW9qelDb7tFWX,3IW7ScrzXmPvZhB27hmfgy
3WVXxfB3B76CkG2wglKotj,3fhMfkPPzksWuw0hEm4ldm
3WVXxfB3B76CkG2wglKotj,27LlKWxS3KXW7RRAxN5S8s
3WVXxfB3B76CkG2wglKotj,63pCdEiziMCDjGOdM1XCrJ
0SsUOrXUM2gZxVLYizZfQZ,0jdNdfi4vAuVi7a6cPDFBM
0SsUOrXUM2gZxVLYizZfQZ,76UCIJTB0jcJvBaL0CdIqx
2i2KQ1gfaIRoExBoYuVjiY,5iot8OPcosJN9nCl7I5SdK
5z7JlQ74N2M57PRIEI9oE6,35V1WomiedCJeGfupcPm7s
01DXwNf1GzEJkYTbXgL0eb,0jdNdfi4vAuVi7a6cPDFBM
11H6R8nu1QxB1yGWHgzKl7,3fhMfkPPzksWuw0hEm4ldm
4cfwlJOM85bCQ8drN9iY1r,7F2utINZ6tSokSiZTQBE27
4cfwlJOM85bCQ8drN9iY1r,1El4YQA8oCXX7ynFSxRTFq
5IbrGxWxB427KJEDrphgRN,2K5nCggbhSZ00YCYP5qkZS
5IbrGxWxB427KJEDrphgRN,0jdNdfi4vAuVi7a6cPDFBM
3XucsgiwXb8KPn9Csf9Zmu,43BxCL6t4c73BQnIJtry5v
3XucsgiwXb8KPn9Csf9Zmu,45ruzGUmIr8WLjLOPJ9mGU
3XucsgiwXb8KPn9Csf9Zmu,0jdNdfi4vAuVi7a6cPDFBM
1E1nbIsPDO1PdtQwsAKKF3,19i93sA0D7yS9dYoVNBqAA
1E1nbIsPDO1PdtQwsAKKF3,5dXlc7MnpaTeUIsHLVe3n4
1NCyzQwhhBc2muaA3bjRvH,2aya6KuqjXEhHBqYKsTPLs
1NCyzQwhhBc2muaA3bjRvH,3hBQ4zniNdQf1cqqo6hzuW
3uQLQ73joqyMYDhI2UaBOq,7F2utINZ6tSokSiZTQBE27
1Pw9JvFxbenEtnGRRcDvzD,7F2utINZ6tSokSiZTQBE27
1Pw9JvFxbenEtnGRRcDvzD,1KQJOTeIMbixtnSWY4sYs2
6BUueuMQR4k7CuoMEsnGou,0jdNdfi4vAuVi7a6cPDFBM
6BUueuMQR4k7CuoMEsnGou,23TFHmajVfBtlRx5MXqgoz
7tsTlt7Kwj2tFvpukBtZd4,5AZuEF0feCXMkUCwQiQlW7
298vG7EUMAUWmvapd4PHL8,754BUADwzMYecBgOoBaetK
298vG7EUMAUWmvapd4PHL8,61bQ4nwIioR8w6PGxzpyY3
0xEgDBXYO9gGzmxCFWKxNg,5AZuEF0feCXMkUCwQiQlW7
6SQmh0L5icrThwGDTeLkg1,0jdNdfi4vAuVi7a6cPDFBM
5ZBIeRCyYvb0nGEtsvuth8,27LlKWxS3KXW7RRAxN5S8s
0KMDkQbcglNudXuynwKMs6,1DjrwkyosB44sfSdm6fT6O
0KMDkQbcglNudXuynwKMs6,1oxn6cQ37twQ7yGnlE3ETd
0KMDkQbcglNudXuynwKMs6,4zvO09rVUIVTeALhs6xLoB
0KMDkQbcglNudXuynwKMs6,7CJgLPEqiIRuneZSolpawQ
0KMDkQbcglNudXuynwKMs6,0iBTVnJ1Sff92zCDujfvyJ
0KMDkQbcglNudXuynwKMs6,1CEONobXawu0XPgPhgTD5a
0KMDkQbcglNudXuynwKMs6,6f3oixxZSgRKOW2CSqOFqM
6NQ83ioZQLARpVmW3mVA7C,0MIG6gMcQTSvFbKvUwK0id
05MYJf19LSo2E1lZ0RrMAC,0MIG6gMcQTSvFbKvUwK0id
3Nqxx5fdl3FQlrk3zarRmA,3rnzk5HZE15IjAp0yiP41m
3Nqxx5fdl3FQlrk3zarRmA,0LX2VNf5w4iOHW1yyIqb74
3Nqxx5fdl3FQlrk3zarRmA,4nPxrGG7k7aEKmNLsfX4cd
3Nqxx5fdl3FQlrk3zarRmA,7CJgLPEqiIRuneZSolpawQ
09m29we7x9tgxyo6f3OQ87,2IHoZ3RrDJIikMRsYgHjhy
09m29we7x9tgxyo6f3OQ87,58n40EtcUlarXICnPb9ohx
09m29we7x9tgxyo6f3OQ87,7ubpSmIID5osd0LZkksfnQ
4JmaOG7bfj1uNv8jEUg0Ce,2RIWb22QZmud0Ik6Ad7dS1
4JmaOG7bfj1uNv8jEUg0Ce,16TsNPlesuA1R9kPLS6nta
384lHduuDsrR4HPUwR3fG4,0TMvoNR0AIJV138mHY6jdE
1pCekfmD7qmOpKnTgttGcu,2RIWb22QZmud0Ik6Ad7dS1
1pCekfmD7qmOpKnTgttGcu,0Wi2fADbhwXlPUWxBmzo99
3f9Ugg030LDe0p6ospTORC,1T4HxOYolAEb5PadIVKdWZ
3f9Ugg030LDe0p6ospTORC,0mnfjy5rfAQk4dFCiKeaAI
79qk9XiwYlTfcgdptq6lH6,7jrtLe4eVfWhYWZn5vsopg
79qk9XiwYlTfcgdptq6lH6,0BBB9DjvskQV0oReJMxTP1
79qk9XiwYlTfcgdptq6lH6,1T4HxOYolAEb5PadIVKdWZ
79qk9XiwYlTfcgdptq6lH6,7jr5OpV6K3nyqwKbbwcYR3
08sMDBcjUBXWV99gZI092C,726tAAHoBnNpFvjHLZHsN4
08sMDBcjUBXWV99gZI092C,4Q3xLVaD2uBZGVxmCYuSkt
0zmxM4MXfisJRTQcPa1wbv,1DjrwkyosB44sfSdm6fT6O
0zmxM4MXfisJRTQcPa1wbv,7CJgLPEqiIRuneZSolpawQ
0zmxM4MXfisJRTQcPa1wbv,1oxn6cQ37twQ7yGnlE3ETd
0zmxM4MXfisJRTQcPa1wbv,4zvO09rVUIVTeALhs6xLoB
0zmxM4MXfisJRTQcPa1wbv,14M41VoNuxxvBXaigqZ9D9
0zmxM4MXfisJRTQcPa1wbv,1yq2JzsqbzFbJ1B7wGOXLc
5KAQJfejYiIa8M6Kyw6Xgr,1Kjs5u8GQf6zCFdTj6SI9E
5KAQJfejYiIa8M6Kyw6Xgr,2rbgb3tDxDpfhaN10sQzzE
0sO777EtfmMVFQ3RdBPfhZ,1DjrwkyosB44sfSdm6fT6O
0sO777EtfmMVFQ3RdBPfhZ,5NmRijhUHZnaADekOLcOyl
0sO777EtfmMVFQ3RdBPfhZ,7BIHYaTeyOxOKV7EyHF0Z4
0sO777EtfmMVFQ3RdBPfhZ,6f3oixxZSgRKOW2CSqOFqM
0sO777EtfmMVFQ3RdBPfhZ,53UpeT3katrOaJmhSiRp2a
5B3vaZQcdqv2KRtzZ9cEQ8,1Kjs5u8GQf6zCFdTj6SI9E
5Dny8KqcvmDgW6yt0dm0Ew,1dkyORGHN0TOmjzu5qCO45
5YvL3ytkusKcM5ozxD9fKN,4nPxrGG7k7aEKmNLsfX4cd
2nGA88iGanJ3rkDaWXQLyv,7rRsXnU1mpJwuBNMwH0Tsn
2nGA88iGanJ3rkDaWXQLyv,0MIG6gMcQTSvFbKvUwK0id
2nGA88iGanJ3rkDaWXQLyv,1yHuIobOmFg6Fjo9OosOip
2yxPqxHbj1L7vrCpHLtAcG,6EB8VE9f7Ut6NOgviN6gDW
6Jwix2f7lMMhN1TKsDiL5c,3rnzk5HZE15IjAp0yiP41m
6Jwix2f7lMMhN1TKsDiL5c,0LX2VNf5w4iOHW1yyIqb74
6Jwix2f7lMMhN1TKsDiL5c,2FtYzWBUVhZ2vfy8S207Zf
6Jwix2f7lMMhN1TKsDiL5c,4nPxrGG7k7aEKmNLsfX4cd
6Jwix2f7lMMhN1TKsDiL5c,71tiWMKZ5wpl6E0BdwVQza
6Jwix2f7lMMhN1TKsDiL5c,56znIsN2NyCMzIctR2xknQ
5GdFPcbGDQqtbVO2jl6Ez5,6EB8VE9f7Ut6NOgviN6gDW
14154tJOTjeyeOyhnqP4QM,0MIG6gMcQTSvFbKvUwK0id
2VYT8yaxvwXyRvAWZqM7Ws,5CbbOjtGnLPHyQj6ml7WLL
4nv5o5Xo4ySBaIVnXr75Xs,1Kjs5u8GQf6zCFdTj6SI9E
4nv5o5Xo4ySBaIVnXr75Xs,0QR764k0D36npmTMWx5bft
5qBLfeAGlgGGsckKhsMWpF,7v49oVVUhvIQG5EK0jkcF7
1VoUHMVxu1qG2Z9josOhWs,3U5Oag04Yl2WnvPULOlsMD
1VoUHMVxu1qG2Z9josOhWs,5P2MqlvPHysck4DS90dBaW
1VoUHMVxu1qG2Z9josOhWs,6jSShb0II1n6RNMCmqBSSM
3p6uAP2ajkobkIW8IkEpgr,3rnzk5HZE15IjAp0yiP41m
3p6uAP2ajkobkIW8IkEpgr,71tiWMKZ5wpl6E0BdwVQza
3p6uAP2ajkobkIW8IkEpgr,2FtYzWBUVhZ2vfy8S207Zf
3p6uAP2ajkobkIW8IkEpgr,56znIsN2NyCMzIctR2xknQ
3p6uAP2ajkobkIW8IkEpgr,0LX2VNf5w4iOHW1yyIqb74
3p6uAP2ajkobkIW8IkEpgr,1FIoGhkDJAWOqXT1I85GRC
3p6uAP2ajkobkIW8IkEpgr,53UpeT3katrOaJmhSiRp2a
1cAAn5PKy40T1p15fpTPW8,1Kjs5u8GQf6zCFdTj6SI9E
1cAAn5PKy40T1p15fpTPW8,3bSbo5ZCbrTle7S2q8nqf8
1cAAn5PKy40T1p15fpTPW8,0Kwf0zcciIFGLCKiqNcO6Q
4lLmG1fatRUgnRz0Ol0WUi,3nFkdlSjzX9mRTtwJOzDYB
4lLmG1fatRUgnRz0Ol0WUi,5K4W6rqBFWDnAN6FQUkS6x
4lLmG1fatRUgnRz0Ol0WUi,1zV9UjTUevjp5VUddqIUUn
4N6rgD6EqLbWcl5ld3NqTP,6Cs6aWlXUQ15Kxt411g1W2
4N6rgD6EqLbWcl5ld3NqTP,1T4HxOYolAEb5PadIVKdWZ
4N6rgD6EqLbWcl5ld3NqTP,16TsNPlesuA1R9kPLS6nta
3T601uaEcVdVmGE5w3BSDW,6QfFTZJHFSe9Xyes6DkAli
3T601uaEcVdVmGE5w3BSDW,1ulO81VOUFqMTv0suMjXOS
4lPAZiTJbaQ4irMzcq0GOU,0MIG6gMcQTSvFbKvUwK0id
1yiGGRGdHEc1F3jF5jEVmH,3rnzk5HZE15IjAp0yiP41m
1yiGGRGdHEc1F3jF5jEVmH,0LX2VNf5w4iOHW1yyIqb74
1yiGGRGdHEc1F3jF5jEVmH,71tiWMKZ5wpl6E0BdwVQza
1yiGGRGdHEc1F3jF5jEVmH,4nPxrGG7k7aEKmNLsfX4cd
1yiGGRGdHEc1F3jF5jEVmH,2FtYzWBUVhZ2vfy8S207Zf
53OQFPwyflA0jMyUjUSawr,6Cs6aWlXUQ15Kxt411g1W2
53OQFPwyflA0jMyUjUSawr,4Q3xLVaD2uBZGVxmCYuSkt
53OQFPwyflA0jMyUjUSawr,726tAAHoBnNpFvjHLZHsN4
5JAkf7fy1RpcHX2GdvYWG4,2IHoZ3RrDJIikMRsYgHjhy
5JAkf7fy1RpcHX2GdvYWG4,28sAoA15FJGXV5mkkEvNnb
5JAkf7fy1RpcHX2GdvYWG4,58n40EtcUlarXICnPb9ohx
6Hio4nlyWL2WBL8nYlbuGt,6TtI28JVtV3RufOCwLvHod
6Hio4nlyWL2WBL8nYlbuGt,6Eni0bpQP6Z3G2CIN7VJRh
6Hio4nlyWL2WBL8nYlbuGt,2aBp5B1hhPlvVWbocbfA6x
6Hio4nlyWL2WBL8nYlbuGt,03R5vvmqjPsxS7Y5be6IAY
6eNRGL6Nkdg7RhJtmbcl0j,7lc98VPDdogFv3eLfCX7sq
6eNRGL6Nkdg7RhJtmbcl0j,685uhJgfQlrMNuarOzgyea
0oKpBxCq4U5IvUZqMuVMM3,10okQWuBo3LEA8HSZ1VUMT
1597vvneWf0zoQrg2D8yH6,33yjk1kQbu7otNngO5pQb8
1597vvneWf0zoQrg2D8yH6,3hXocXy7cs7SZ1JLZUgKBp
1597vvneWf0zoQrg2D8yH6,65tpb4BwAnD3HOUs8MC6TB
4qDT0BeJ7BjatrN9k8AvB4,68YeXpLt3jB7JHQS5ZjMGo
4qDT0BeJ7BjatrN9k8AvB4,3MrDVzg7ZXaYMyQmbDInr7
4qDT0BeJ7BjatrN9k8AvB4,5nP8x4uEFjAAmDzwOEc9b8
5KX1zLcBZ5bv8iA1odyonT,7crp1tZcefnjT5RuL6WZQ0
7BELSQR2lAJLELaKvVkct3,1pPbDeOdNUcLq32HTTLbZm
3hUk7wHp5Ruas0FLLVW69c,4h5zTnUibCdGWia43hOo5y
3hUk7wHp5Ruas0FLLVW69c,3B6lsop4CFEdGzlCksiL6R
7nFvKgVumc9FcU97zGjjei,3MrDVzg7ZXaYMyQmbDInr7
56hVdyqQWCMYfKopnVRCwQ,6QHREBOQktWsYBfrxW93rk
56hVdyqQWCMYfKopnVRCwQ,7crp1tZcefnjT5RuL6WZQ0
2orGm2E68ODFYOURjaES62,3MrDVzg7ZXaYMyQmbDInr7
2orGm2E68ODFYOURjaES62,75i9GaW2MJUgt4BkdUnuUY
1OZ4uv7OAP24Ix6j3vojLt,0gHj4MPwwcZ8Zl9CY0hqT5
1OZ4uv7OAP24Ix6j3vojLt,75i9GaW2MJUgt4BkdUnuUY
1OZ4uv7OAP24Ix6j3vojLt,210Sy1oGhvPu929TKoSVcN
4PQ5AInr4YoBauth9YPduL,7FNnA9vBm6EKceENgCGRMb
4PQ5AInr4YoBauth9YPduL,3PZTvUS5fUUhV3EKAjqdZk
4PQ5AInr4YoBauth9YPduL,0Otd1ReHJtVAzwAuRj09Zg
0elz4WC9ZtAOzqP4fgt8T5,2MREhFiavCOZXs0thPLuWu
0elz4WC9ZtAOzqP4fgt8T5,0XWmIDUMxka9p2aayQ9MOr
1Jk03rMQGTjdkjNtCGgkPd,6QHREBOQktWsYBfrxW93rk
3aml52yDe6ff32XOgZQ0Cb,0QoKkMC6uy7fUng96fab1I
3aml52yDe6ff32XOgZQ0Cb,1pPbDeOdNUcLq32HTTLbZm
3aml52yDe6ff32XOgZQ0Cb,5iZ6jMDkRa7RKLQplJuQUC
1Hc0zt33FVHdi4DWtUAa0s,39HJXjH5hKcCzaU0g6mv8G
4mD9hjoTckjeL1CrJCx0MT,5lal0BjsooQ7ON4t7B73bp
4mD9hjoTckjeL1CrJCx0MT,4EMRE0wdcc2xjv1PCmTqUU
4mD9hjoTckjeL1CrJCx0MT,0pVJXCGsBydS7rq0R4w4hm
4mD9hjoTckjeL1CrJCx0MT,5kfgervAs5bJUOC0vbYB12
15ERxM3x0D2HzqdhPxsbd2,6QHREBOQktWsYBfrxW93rk
677ebW5G4BLaqX5Ue3itGv,2swvbEAfN70ZFcQB4Y7MaS
5fjD0vHh9XRL6b657FWe9C,39HJXjH5hKcCzaU0g6mv8G
1ACALdBWViTpLBC14Ecv8E,75i9GaW2MJUgt4BkdUnuUY
1ACALdBWViTpLBC14Ecv8E,6YzSM19LzpLH0nVKKU6Jsy
1ACALdBWViTpLBC14Ecv8E,210Sy1oGhvPu929TKoSVcN
2hkwwmmLC90T8BQ7t3xufq,7cmuxPnXRJxwuYDHfbD8Eu
2hkwwmmLC90T8BQ7t3xufq,2CKOmarVWvWqkNWUatHCex
2hkwwmmLC90T8BQ7t3xufq,5kVgcCdPbeUwxBqWxi2Ktl
2m6ZDDrTvDQtKbwNFyI3r5,4PzYKhC14sTJNEr0dzoo0d
2m6ZDDrTvDQtKbwNFyI3r5,5YwzDz4RJfTiMHS4tdR5Lf
0dAZ5dCofHy6rquqU6YG29,0E0XPqa6BzxSkhmhvzA3k2
5vC8UAOHeG95ehRzZChniB,0JjPiLQNgAFaEkwoy56B1C
5vC8UAOHeG95ehRzZChniB,6Us5Zsn5MAHBk7SHBUsG5X
5vC8UAOHeG95ehRzZChniB,7Jb6GR4PIxHSkDJK8MWuVg
2K9kZpwD2CzTa6iiSYYOoO,1yR65psqiazQpeM79CcGh8
172oAbLGpgeCsukno7oBRe,0DwdA5ZgTJcIQ2uIhc110D
1dBroK67DSaaEE5kvkVjzG,0DwdA5ZgTJcIQ2uIhc110D
3IxGmKdOkv7tgMCzyKF2Xm,5tRk0bqMQubKAVowp35XtC
11IqNbLOD4s4nVYSuEttFR,0DwdA5ZgTJcIQ2uIhc110D
3mVO7XaN9ULGNuXteiCOz3,1qW9Pi35NXnu7Q8KWyVYe6
4umaD9GJDZMihD9mal7vd1,0DwdA5ZgTJcIQ2uIhc110D
3b4dQtIVyVhQdbYVfrik0k,2G4Ntbg3dYqkUAGrMUZ0U7
2E5X5HbBHBUeo2juTSgTMX,2G4Ntbg3dYqkUAGrMUZ0U7
3x2hKSUf8O8IqI1shmxGnp,5tRk0bqMQubKAVowp35XtC
48yFnEAkBdOmqvhZ6NaR4U,6V1SwiosQqf5XvmoTMCGa9
5L3pDOYct21zjioooK0IqX,2G4Ntbg3dYqkUAGrMUZ0U7
2vJreatDgwtXWKpkqpPUZ3,1qW9Pi35NXnu7Q8KWyVYe6
1ZrnCyms7CBYsCvkkVIkt8,5tRk0bqMQubKAVowp35XtC
6flgMTTqhbJSNryAPCYcvA,1qW9Pi35NXnu7Q8KWyVYe6
433FK3gktWwmjkAPMSqVNO,5tRk0bqMQubKAVowp35XtC
2rbbJ2xZFJa2DriR5h0TBS,1qW9Pi35NXnu7Q8KWyVYe6
5awK4mHW8B2bCuX8G0Grvb,5tRk0bqMQubKAVowp35XtC
62ZpTeNkawwXCr7tNtF8Zz,5tRk0bqMQubKAVowp35XtC
2P5Eeh29qJrYa1T27cdL3B,5tRk0bqMQubKAVowp35XtC
4pnqbvjkdoIKUzmfr1bUho,2G4Ntbg3dYqkUAGrMUZ0U7
1jPDZpQoMwgmP3CzmIiTxB,4EXI1ieJe2VDbvNsKOaNQL
1Bnmeza32UZ1frQTxGexnt,5jewGMrZtMNJk5OsZ61Cpo
0Rhz56u8K6hjzxNCGkJjhi,2QcZxAgcs2I1q7CtCkl6MI
2pFkBa11TZLwI4t4uzIWdi,1qW9Pi35NXnu7Q8KWyVYe6
1eId3TVzGrwv73YAWAVQMX,1IDuSpntFl2Mutofvrrutc
7o4T6JqF9oakRouiBexoiT,5tRk0bqMQubKAVowp35XtC
7xE3HkKaZFhtzrt2FiwNOd,0DwdA5ZgTJcIQ2uIhc110D
5AnD1Tmu5hKPeHGyxGq6LJ,4F0XzHNcfvvA2I0rGqIwAQ
5AnD1Tmu5hKPeHGyxGq6LJ,5jewGMrZtMNJk5OsZ61Cpo
1Pt5syTlJvn3FOqAET84WF,4F0XzHNcfvvA2I0rGqIwAQ
1Pt5syTlJvn3FOqAET84WF,3dayhmhJfL4I8w1PuL9MqQ
40NvsEFexANIROSnKIMYXB,4F0XzHNcfvvA2I0rGqIwAQ
40NvsEFexANIROSnKIMYXB,5tRk0bqMQubKAVowp35XtC
6rLZknU66zYG9Q2NI4fCYl,0DwdA5ZgTJcIQ2uIhc110D
0PNlAxz1G2WLTC8WRMxUmg,5tRk0bqMQubKAVowp35XtC
5w3SN2UjZRuuvPLAisQuaC,1IDuSpntFl2Mutofvrrutc
7wDHnKKyw7GSw9ihEHTXm3,2MVfNjocvNrE03cQuxpsWK
1rTnGbIahUmq6fK8RWAXfd,1qW9Pi35NXnu7Q8KWyVYe6
7gRFDGEzF9UkBV233yv2dc,41MozSoPIsD1dJM0CLPjZF
4ckh5VN2HYQ8TzS51Nh7ol,2MVfNjocvNrE03cQuxpsWK
4knMu3Cbg277Di6oEkpeRA,3wYcmejLVtOoHIq9szUugh
1WzMnzTmdWbJZ3OhizMtbX,5tRk0bqMQubKAVowp35XtC
1WzMnzTmdWbJZ3OhizMtbX,3wYcmejLVtOoHIq9szUugh
07hNtsHI2yS6a4sblgPyp0,6R57JlNKlnNrYaji0vw8xx
3i0h88q1HBtbdIg2bPxs54,2A7XpBQ8X227lVi5BphdPw
3w75Uvn1cojNlBhQoxpVP3,6FTLayBxjkQeanFdUusk1I
4z6FksNI6MLCDTHrNJXhO0,17d3zotBDOZtuWnZPxTf8v
0o9zmvc5f3EFApU52PPIyW,6bDWAcdtVR3WHz2xtiIPUi
50x1Ic8CaXkYNvjmxe3WXy,69bG9tC62d8oTFC9aTTosn
6Iq3sgLVrqqZfRitLaeHkn,3wOsYKZM0zcKNasi3I7fP4
26hOm7dTtBi0TdpDGl141t,3MZsBdqDrRTJihTHQrO6Dq
1b0aDgrG775i4sPQgJGmkU,4EiSzlOeMnJcp2U8ayCQ3a
08MFgEQeVLF37EyZ7jcwLc,67IN4cLJ7798gUapyZlmac
3AVrVz5rK8Hrqo9YGiVGN5,1QAJqy2dA3ihHBFIHRphZj
0QzuaeCEEOV40Pn7IvKEny,70NcAr4ZtA3FAqU16iQZSb
6gNG7O2IlMYUXAcCDwQrPT,6FTLayBxjkQeanFdUusk1I
2eAvDnpXP5W0cVtiI0PUxV,2WzaAvm2bBCf4pEhyuDgCY
5Odq8ohlgIbQKMZivbWkEo,6VuMaDnrHyPL1p4EHjYLi7
5Odq8ohlgIbQKMZivbWkEo,6HaGTQPmzraVmaVxvz6EUc
5Odq8ohlgIbQKMZivbWkEo,3Nrfpe0tUJi4K4DXYWgMUX
6VhuP99TE6gYNQRJIlAWFD,5XKFrudbV4IiuE5WuTPRmT
6I3mqTwhRpn34SLVafSH7G,1uNFoZAHBGtllmzznpCI3s
3W4U7TEgILGpq0EmquurtH,5kjFzBMHeoAx9xksFSwfUW
3W4U7TEgILGpq0EmquurtH,54nGORfHS6Uldjlr4QeN7g
2m6Ko3CY1qXNNja8AlugNc,3WGpXCj9YhhfX11TToZcXP
2gYj9lubBorOPIVWsTXugG,6RHTUrRF63xao58xh9FXYJ
2DwUdMJ5uxv20EhAildreg,6HvZYsbFfjnjFrWF950C9d
63YH4W1jfTXbuS9LNSCTXB,5LWs2DNQhJXiG6X2o4XUpQ
63YH4W1jfTXbuS9LNSCTXB,2cNMMulo6S2a0tHrwX2s6i
41XLcwECxYj7tokaF2a7sA,2cNMMulo6S2a0tHrwX2s6i
4g22x3fIQVUlY39ICUBB7Z,5NMwoStnfHT4LdETlJSwDT
4g22x3fIQVUlY39ICUBB7Z,5B5qmrbTFvA7TAxWruuwbo
1k2SmfxevBCq4Gti0LhDfT,4hhNfPUZ2kBKGuseRny35w
2ksyzVfU0WJoBpu8otr4pz,5hKGLu4Ik88FzWcTPhWNTN
1Oiw6x4fhsCEuh4CMaa8kc,586Rqc4ZLh7QPaMkIx1zEN
1Oiw6x4fhsCEuh4CMaa8kc,5nZADoZFWVB90dHpk5zvXy
6qyS9qBy0mEk3qYaH8mPss,2W6WP4pHQTFlbr2z9S4n54
6yWAlfKGH5AMHlxT4ZtCVg,2xe5h8nbHc1yYGKUVL8zce
6yWAlfKGH5AMHlxT4ZtCVg,5hihfLAlypybwPFgjzLJiX
7IK25tcCFFqkU08EbTRxsc,4PLGCdwxxGsxNXX7G7Spug
3Oww84xrmgjyr5J1ilOmAf,20cmhoGvN0eyzhmsHJH1Mg
3Oww84xrmgjyr5J1ilOmAf,5mxB08ktCukEhGMg2YZeEv
2KReCz1L5XkGIBhDncQ5VZ,0lAWpj5szCSwM4rUMHYmrr
6YS0bPEionrniTERIcCXP7,6b0am8pgRC1zqN3iyC7pKO
5FkJHVudUByVjanCqFXRql,0pWwt5vGNzezEhfAcc420Y
5TXDeTFVRVY7Cvt0Dw4vWW,15UsOTVnJzReFVN1VCnxy4
6Ox1rvlwEpB49drasQm6RF,2kCcBybjl3SAtIcwdWpUe3
3ovhC4v5a73S0afcOHhnu2,1tNJibl39hvCIVSnGaiwx5
1l2AHO7bb47QGFKJmXhXMz,1tNJibl39hvCIVSnGaiwx5
0Xh9sOCT7ZvmKg8KthRYnH,1tNJibl39hvCIVSnGaiwx5
5myQVDBhZvE7DIvsQICuKn,1tNJibl39hvCIVSnGaiwx5
5faV3B9PfIOabLD8PPUAxo,6opz1Ax3VqCmeQBGax1erx
1MWg9aH6OhteqF1RXR3J5w,1tNJibl39hvCIVSnGaiwx5
0RT86wBrufYQZSdN852Wjn,1tNJibl39hvCIVSnGaiwx5
5pn6OskYybJrrqcdlNpBvk,1tNJibl39hvCIVSnGaiwx5
7nzeIh8kUdieUBLPXch9wi,1tNJibl39hvCIVSnGaiwx5
1ZzSy8HeLFZAeuQi577bhB,1tNJibl39hvCIVSnGaiwx5
2q2cdTPrbgWSxLFFXjjaoO,1tNJibl39hvCIVSnGaiwx5
1sgn8wmK2kuJrF9ppsnH2F,1tNJibl39hvCIVSnGaiwx5
51J0zLsmKb265vmylOJGMr,1tNJibl39hvCIVSnGaiwx5
5TBNZCGMR1NJtJrrg606m0,1tNJibl39hvCIVSnGaiwx5
6Vd8hxisvvbtZloYVH5kAo,0MtTfq27LQu7CmE5t308Up
6Vd8hxisvvbtZloYVH5kAo,21SqAOtuXFpwygK1GNxjTm
3LP5YM7IMwmffWXPE1VBf1,1tNJibl39hvCIVSnGaiwx5
6xsUlQIjfduRdQt88yekZ5,1tNJibl39hvCIVSnGaiwx5
38KOnmdRLQrizMIFHIwuOA,46VwdSiSccsgzNhJP9sGhQ
7MY4Gg2ORLB8UjpDWgQmj4,2Zy3uwssLs81VYxqIj1Hcv
2Hh3ETdQKrmSI3QS0hme7g,0iEtIxbK0KxaSlF7G42ZOp
2Hh3ETdQKrmSI3QS0hme7g,1RyvyyTE3xzB2ZywiAwp0i
2Hh3ETdQKrmSI3QS0hme7g,4Gso3d4CscCijv0lmajZWs
0B7wvvmu9EISAwZnOpjhNI,0du5cEVh5yTK9QJze8zA0C
4WuOWVnAqvEQxgSRrspBgt,0iEtIxbK0KxaSlF7G42ZOp
4WuOWVnAqvEQxgSRrspBgt,0Y5tJX1MQlPlqiwlOH1tJY
4WuOWVnAqvEQxgSRrspBgt,1URnnhqYAYcrqrcwql10ft
21qZMim0NXV3k5SaLxLWeX,6opz1Ax3VqCmeQBGax1erx
21qZMim0NXV3k5SaLxLWeX,4jfe3cL8wzjPxD9CViP2dW
21qZMim0NXV3k5SaLxLWeX,4YnmlfVdziLiqFQtQ4zTcq
21qZMim0NXV3k5SaLxLWeX,5tqcGCzAJeX4ysqiegDC37
6daToaVPOx55J5gGLgy7B0,0CinAWYkte8opxVAPI3nMu
6RmV54gl0nByycqhTajiiZ,0CinAWYkte8opxVAPI3nMu
6RmV54gl0nByycqhTajiiZ,1a1qmSRllFcdwBxl2gkc2N
149qQkZez6yujONJspKw7U,0CinAWYkte8opxVAPI3nMu
4SA3hKVvIbnDWjwH1Hnp1C,6tGEkrJVnC6SCjEbNhikSg
39kSk40grKRucDyfLx4Cjf,14DnMswKGQIr7vgwyiiLKI
39kSk40grKRucDyfLx4Cjf,3QXybJLgpjbDnFxov5C37M
5QiBpME5iV2DdLHggosCta,3VzxSrqMmT8ShjiTFtM69X
12X9GMNhoP6tSj5ai0Kujw,7AczdBjiNUjo4pxVVucvw1
2JtsIAfAu4PFyjlk17Hg3M,0CinAWYkte8opxVAPI3nMu
2JtsIAfAu4PFyjlk17Hg3M,17IHT4KW6k85SHKiSAssQt
2psbE7Ds01Xz2MaMIk7APk,56OLtN2Eqc3fMT40ehCj5d
2psbE7Ds01Xz2MaMIk7APk,0CinAWYkte8opxVAPI3nMu
4QHRKu6scoEilEvLnHYOnz,0dJJpF4ULA7xCU5xwHbCB3
6KOhOLjSsbv3bggefGCLLm,4JgXlDN8sCvwjFeFlWnsuf
21QCQXnmSTApn8Tu9a2HO5,0CinAWYkte8opxVAPI3nMu
7DbdUf8aHSYoliSjO6LZv6,7I3bkknknQkIiatWiupQgD
4PGzoH4hL1vORGOTxHdWjB,2SeRP5iAIhVec4azKHJzjX
0R848ny5sEpVuR1tMXZNFr,2SeRP5iAIhVec4azKHJzjX
1cKHdTo9u0ZymJdPGSh6nq,1Xyo4u8uXC1ZmMpatF05PJ
1cKHdTo9u0ZymJdPGSh6nq,3hteYQFiMFbJY7wS0xDymP
6TBzRwnX2oYd8aOrOuyK1p,3l9G1G9MxH6DaRhwLklaf5
6TBzRwnX2oYd8aOrOuyK1p,7Gi6gjaWy3DxyilpF1a8Is
6Um358vY92UBv5DloTRX9L,66ihevNkSYNzRAl44dx6jJ
6Um358vY92UBv5DloTRX9L,6XkjpgcEsYab502Vr1bBeW
4H6o1bxKRGzmsE0vzo968m,5B8ApeENp4bE4EE3LI8jK2
4H6o1bxKRGzmsE0vzo968m,3abT87tqQ4Q5PA5nw6CYyH
0UbesRsX2TtiCeamOIVEkp,0ys2OFYzWYB5hRDLCsBqxt
0UbesRsX2TtiCeamOIVEkp,0elWFr7TW8piilVRYJUe4P
46FdwGMcgz6gik4RCpWBAW,3l9G1G9MxH6DaRhwLklaf5
46FdwGMcgz6gik4RCpWBAW,04mzq9GH08zOBRdV2gzmXm
4ygQ5wSuzzNRevVjup1qV2,0pePYDrJGk8gqMRbXrLJC8
4ygQ5wSuzzNRevVjup1qV2,6twEaJ9RPRYiCmWapjG8xh
4ygQ5wSuzzNRevVjup1qV2,12GqGscKJx3aE4t07u7eVZ
2VzCjpKvPB1l1tqLndtAQa,12GqGscKJx3aE4t07u7eVZ
23Lyy7ZXRvzfgH4JtDkKrX,6XkjpgcEsYab502Vr1bBeW
4w273WCBXwM4P3jTX5HkB2,1gW6pz5n1aK249L0GvfQCC
4w273WCBXwM4P3jTX5HkB2,7Gi6gjaWy3DxyilpF1a8Is
1Fuc3pBiPFxAeSJoO8tDh5,6OP8Y0UsezppFkU1hZU6EJ
1Fuc3pBiPFxAeSJoO8tDh5,7Gi6gjaWy3DxyilpF1a8Is
1ULnQ2yn5LeQX4LrROm1RD,7Gi6gjaWy3DxyilpF1a8Is
1ULnQ2yn5LeQX4LrROm1RD,4o0NtnL2m0lzZmEdRas1qv
3XfUFGzbr0LmwFVoLXd9cO,0ys2OFYzWYB5hRDLCsBqxt
3XfUFGzbr0LmwFVoLXd9cO,0mA4dkNGiN4fqTBi2SLlAv
5Eax0qFko2dh7Rl2lYs3bx,4q3ewBCX7sLwd24euuV69X
3k3NWokhRRkEPhCzPmV8TW,4q3ewBCX7sLwd24euuV69X
3k3NWokhRRkEPhCzPmV8TW,5n9bMYfz9qss2VOW89EVs2
31i56LZnwE6uSu3exoHjtB,4q3ewBCX7sLwd24euuV69X
1RGlfmdvcfatN0ZLOmzanS,7Gi6gjaWy3DxyilpF1a8Is
3gfSH9aYZbyGjdmbeoWliw,12GqGscKJx3aE4t07u7eVZ
3gfSH9aYZbyGjdmbeoWliw,0pePYDrJGk8gqMRbXrLJC8
4ilZV1WNjL7IxwE81OnaRY,4yjm4SvYqC5FFuLbB6TyHr
5kpxVMDvYGRmNqawPqDTYR,49EE6lVLgU8sp7dFgPshgM
5kpxVMDvYGRmNqawPqDTYR,0pePYDrJGk8gqMRbXrLJC8
3ZGkdrigbWXLgHungXfZkt,7Gi6gjaWy3DxyilpF1a8Is
3ZGkdrigbWXLgHungXfZkt,0pePYDrJGk8gqMRbXrLJC8
6odrHMSLjP3aOXC4ipKUC6,1NNRWkhwmcXRimFYSBpB1y
33cF8aTmGJ6TsEf23uqGIN,1mcTU81TzQhprhouKaTkpq
33cF8aTmGJ6TsEf23uqGIN,1Ts9of7VPZElwPQnqnDSfW
33cF8aTmGJ6TsEf23uqGIN,1GKIlPFdcewHtpDVCQ8zmJ
7Jph6HJbfURt4Fea19IED3,1gW6pz5n1aK249L0GvfQCC
0uBcoM4zxRXk7kmsmxoiFS,1dKdetem2xEmjgvyymzytS
0uBcoM4zxRXk7kmsmxoiFS,4IEP61D1hdCPQVzAYzP9VC
1kNC7b4zXbqoceKpkGdnD8,1gW6pz5n1aK249L0GvfQCC
1kNC7b4zXbqoceKpkGdnD8,0pePYDrJGk8gqMRbXrLJC8
3bvJftZKZe5QKz433NczyV,66ihevNkSYNzRAl44dx6jJ
6rOy9SIawgruuIWLP5divC,7uGhSk7fVURjDaiXW1FSbL
40vzZFWG1h60TdZPuxuX3Y,0XwVARXT135rw8lyw1EeWP
40vzZFWG1h60TdZPuxuX3Y,7vXDAI8JwjW531ouMGbfcp
5Ei8EK2uXNkqqVSe2QYsFp,1bfl0AU8SqmLkElptOprhC
1SxNFVI9TFJzQsxdzJ2oVd,0vjeBgTzYTwmYoVySJzXGD
1SxNFVI9TFJzQsxdzJ2oVd,3cbOif2nNznwEiNw9Ty8NJ
