song_spotify_id,playlist_spotify_id
0yLdNVWF3Srea0uzk55zFn,37i9dQZEVXbMDoHDwVN2tF
4nrPB8O7Y7wsOCJdgXkthe,37i9dQZEVXbMDoHDwVN2tF
1Qrg8KqiBpW07V7PNxwwwL,37i9dQZEVXbMDoHDwVN2tF
2dHHgzDwk4BJdRwy9uXhTO,37i9dQZEVXbMDoHDwVN2tF
4Dvkj6JhhA12EX05fT7y2e,37i9dQZEVXbMDoHDwVN2tF
0NZPBYD5qbEWRs3PrGiRkT,37i9dQZEVXbMDoHDwVN2tF
4uUG5RXrOk84mYEfFvj3cK,37i9dQZEVXbMDoHDwVN2tF
0WtM2NBVQNNJLh6scP13H8,37i9dQZEVXbMDoHDwVN2tF
4FAKtPVycI4DxoOHC01YqD,37i9dQZEVXbMDoHDwVN2tF
5WxVXxCMRnvxUKFq40ELwq,37i9dQZEVXbMDoHDwVN2tF
5ww2BF9slyYgNOk37BlC4u,37i9dQZEVXbMDoHDwVN2tF
0V3wPSX9ygBnCm8psDIegu,37i9dQZEVXbMDoHDwVN2tF
2mnXxnrX5vCGolNkaFvVeM,37i9dQZEVXbMDoHDwVN2tF
78Sw5GDo6AlGwTwanjXbGh,37i9dQZEVXbMDoHDwVN2tF
3r8RuvgbX9s7ammBn07D3W,37i9dQZEVXbMDoHDwVN2tF
0JXXNGljqupsJaZsgSbMZV,37i9dQZEVXbMDoHDwVN2tF
2LBqCSwhJGcFQeTHMVGwy3,37i9dQZEVXbMDoHDwVN2tF
2tTmW7RDtMQtBk7m2rYeSw,37i9dQZEVXbMDoHDwVN2tF
65FftemJ1DbbZ45DUfHJXE,37i9dQZEVXbMDoHDwVN2tF
5odlY52u43F5BjByhxg7wg,37i9dQZEVXbMDoHDwVN2tF
1zsPaEkglFvxjAhrM8yhpr,37i9dQZEVXbMDoHDwVN2tF
7jtQIBanIiJOMS6RyCx6jZ,37i9dQZEVXbMDoHDwVN2tF
4h9wh7iOZ0GGn8QVp4RAOB,37i9dQZEVXbMDoHDwVN2tF
0QHEIqNKsMoOY5urbzN48u,37i9dQZEVXbMDoHDwVN2tF
1Y3LN4zO1Edc2EluIoSPJN,37i9dQZEVXbMDoHDwVN2tF
5XeFesFbtLpXzIVDNQP22n,37i9dQZEVXbMDoHDwVN2tF
1bDbXMyjaUIooNwFE9wn0N,37i9dQZEVXbMDoHDwVN2tF
561jH07mF1jHuk7KlaeF0s,37i9dQZEVXbMDoHDwVN2tF
4sx6NRwL6Ol3V6m9exwGlQ,37i9dQZEVXbMDoHDwVN2tF
0vjeOZ3Ft5jvAi9SBFJm1j,37i9dQZEVXbMDoHDwVN2tF
0IKeDy5bT9G0bA7ZixRT4A,37i9dQZEVXbMDoHDwVN2tF
54ipXppHLA8U4yqpOFTUhr,37i9dQZEVXbMDoHDwVN2tF
2CeKVsFFXG4QzA415QygGb,37i9dQZEVXbMDoHDwVN2tF
73vIOb4Q7YN6HeJTbscRx5,37i9dQZEVXbMDoHDwVN2tF
3zkyus0njMCL6phZmNNEeN,37i9dQZEVXbMDoHDwVN2tF
7MXVkk9YMctZqd1Srtv4MB,37i9dQZEVXbMDoHDwVN2tF
567e29TDzLwZwfDuEpGTwo,37i9dQZEVXbMDoHDwVN2tF
1xK59OXxi2TAAAbmZK0kBL,37i9dQZEVXbMDoHDwVN2tF
4iZ4pt7kvcaH6Yo8UoZ4s2,37i9dQZEVXbMDoHDwVN2tF
4WiQA1AGWHFvaxBU6bHghs,37i9dQZEVXbMDoHDwVN2tF
6zJejIfVYLgjud3lTk4DLB,37i9dQZEVXbMDoHDwVN2tF
6Sq7ltF9Qa7SNFBsV5Cogx,37i9dQZEVXbMDoHDwVN2tF
4FyesJzVpA39hbYvcseO2d,37i9dQZEVXbMDoHDwVN2tF
2QjOHCTQ1Jl3zawyYOpxh6,37i9dQZEVXbMDoHDwVN2tF
5IgjP7X4th6nMNDh4akUHb,37i9dQZEVXbMDoHDwVN2tF
1lRtH4FszTrwwlK5gTSbXO,37i9dQZEVXbMDoHDwVN2tF
4k6Uh1HXdhtusDW5y8Gbvy,37i9dQZEVXbMDoHDwVN2tF
2mpoNBkngUEwnaKoBhZ0vl,37i9dQZEVXbMDoHDwVN2tF
54ELExv56KCAB4UP9cOCzC,37i9dQZEVXbMDoHDwVN2tF
2SiAcexM2p1yX6joESbehd,37i9dQZEVXbMDoHDwVN2tF
3r8RuvgbX9s7ammBn07D3W,37i9dQZEVXbMnZEatlMSiu
65FftemJ1DbbZ45DUfHJXE,37i9dQZEVXbMnZEatlMSiu
72OVnXDzugvrCU25lMi9au,37i9dQZEVXbMnZEatlMSiu
0USeB0Tykai3QZj5YAUclG,37i9dQZEVXbMnZEatlMSiu
07plVccQ0N6FTTTonk3c2M,37i9dQZEVXbMnZEatlMSiu
6jNy9WM3zyvG9E5bdVALl8,37i9dQZEVXbMnZEatlMSiu
0a4MMyCrzT0En247IhqZbD,37i9dQZEVXbMnZEatlMSiu
6akVETVeqqPVvuBS5e0EB1,37i9dQZEVXbMnZEatlMSiu
0yLdNVWF3Srea0uzk55zFn,37i9dQZEVXbMnZEatlMSiu
6XBL9naPxZjATbmGAWGJ9V,37i9dQZEVXbMnZEatlMSiu
4fJlSLYLiu5trFCMZdSQDC,37i9dQZEVXbMnZEatlMSiu
2VEt42QSQxILgEf9B50xxm,37i9dQZEVXbMnZEatlMSiu
1IVj6CsBbTgOEpo0W6hgwN,37i9dQZEVXbMnZEatlMSiu
1pbb71pOKB5iqfkju4NmPj,37i9dQZEVXbMnZEatlMSiu
0Eh0C7rpC5E0sPy4OcLdsq,37i9dQZEVXbMnZEatlMSiu
27FOde2nUw0pFuj7hlPbaS,37i9dQZEVXbMnZEatlMSiu
39HrUxcvKF3jtLz7fUDWXc,37i9dQZEVXbMnZEatlMSiu
3CEkc8f1UDvI7kohz3ARpA,37i9dQZEVXbMnZEatlMSiu
38DlSDrx9tgc5Gfq6y3aBa,37i9dQZEVXbMnZEatlMSiu
53yiHIP3ptxWtT4ambRcgb,37i9dQZEVXbMnZEatlMSiu
0KWnRv3wxjltYVB3MqjNd2,37i9dQZEVXbMnZEatlMSiu
4QZMBVrBLAvBryj8ZJIIY2,37i9dQZEVXbMnZEatlMSiu
6la3Kme7O7D01fJPxgpAS5,37i9dQZEVXbMnZEatlMSiu
0FfNFvy5KRRyB2snvK39zL,37i9dQZEVXbMnZEatlMSiu
2OR5FUKy3GQ7I9DCbRnfsW,37i9dQZEVXbMnZEatlMSiu
69zgyr5HVKdInjeKpq1qHa,37i9dQZEVXbMnZEatlMSiu
61AZsmFB3VoJdmraMk5ZSn,37i9dQZEVXbMnZEatlMSiu
69AvckyixY1AIGRYDZ1QnO,37i9dQZEVXbMnZEatlMSiu
4U0bL1ouvksMgvXU2aKq4O,37i9dQZEVXbMnZEatlMSiu
4fsQ0K37TOXa3hEQfjEic1,37i9dQZEVXbMnZEatlMSiu
3V2v19gDm4rmRkMwcgS4X2,37i9dQZEVXbMnZEatlMSiu
6FSOibqLCbhFrmGdqMbwiZ,37i9dQZEVXbMnZEatlMSiu
567e29TDzLwZwfDuEpGTwo,37i9dQZEVXbMnZEatlMSiu
1Qrg8KqiBpW07V7PNxwwwL,37i9dQZEVXbMnZEatlMSiu
6whxKQ0Ocn1FmzpDc7lTHq,37i9dQZEVXbMnZEatlMSiu
7IiSESHLOtsoEXTlXa0bjJ,37i9dQZEVXbMnZEatlMSiu
7tgzj2IqzSgUpxUhjmcF5m,37i9dQZEVXbMnZEatlMSiu
5zwwW9Oq7ubSxoCGyW1nbY,37i9dQZEVXbMnZEatlMSiu
3OC84eKMxRJ4x0Hcwl9i4i,37i9dQZEVXbMnZEatlMSiu
6ZxvapmYLdLdRCdIFR0NRQ,37i9dQZEVXbMnZEatlMSiu
6zjk7Qbwb9DZ4ykUUoqknh,37i9dQZEVXbMnZEatlMSiu
5Y47GrCrjQY44qFv8Gt0Gm,37i9dQZEVXbMnZEatlMSiu
70ywpHtaToCmnULRT9Vu4p,37i9dQZEVXbMnZEatlMSiu
0rhI6gvOeCKA502RdJAbfs,37i9dQZEVXbMnZEatlMSiu
6pFxVcn6T4BdP8mfZpTQHZ,37i9dQZEVXbMnZEatlMSiu
6gOZzuHIApHtAPTelkOMUc,37i9dQZEVXbMnZEatlMSiu
4Rt9k4SE8dbfKzngxKJPq9,37i9dQZEVXbMnZEatlMSiu
4h9wh7iOZ0GGn8QVp4RAOB,37i9dQZEVXbMnZEatlMSiu
2pIUpMhHL6L9Z5lnKxJJr9,37i9dQZEVXbMnZEatlMSiu
3uvoZKtpufJ9F2ETKGPlh5,37i9dQZEVXbMnZEatlMSiu
0okYvXKPqzZpj3iZrJH6JK,37i9dQZEVXbIVYVBNw9D5K
3WCrBnWabeuTk2wr6UwaYV,37i9dQZEVXbIVYVBNw9D5K
4OH5Cd8ZOI1eSgJSC9PYmU,37i9dQZEVXbIVYVBNw9D5K
7lOGCEsmoHqai3PHS9kbTa,37i9dQZEVXbIVYVBNw9D5K
7wANX4VfTwrZrL6inJrqCM,37i9dQZEVXbIVYVBNw9D5K
4ist5GP5r7UDz9gdsiJmYd,37i9dQZEVXbIVYVBNw9D5K
7toL7Re9rApzIuIFDaLQSe,37i9dQZEVXbIVYVBNw9D5K
2Nt4eocAv9wi1vHshhSdpF,37i9dQZEVXbIVYVBNw9D5K
4o4kbDP7DMVFPwAf5D5bj9,37i9dQZEVXbIVYVBNw9D5K
5ATwkalJ9FnLp7Zcvxo1rl,37i9dQZEVXbIVYVBNw9D5K
3QopdONAzZHRO1P4UQrNvw,37i9dQZEVXbIVYVBNw9D5K
1MbZ6YY51arGV7mqeAb0y4,37i9dQZEVXbIVYVBNw9D5K
2Pe8d9oClBgLkkz2N35AiN,37i9dQZEVXbIVYVBNw9D5K
4BeGu2WQNlpiREpmWGHD8U,37i9dQZEVXbIVYVBNw9D5K
7Ebb2WheOGGauCH2wuQB55,37i9dQZEVXbIVYVBNw9D5K
4wLpDd099QT7TmNpMkFIvT,37i9dQZEVXbIVYVBNw9D5K
5flH7FY4ledAQboO5a0XQ5,37i9dQZEVXbIVYVBNw9D5K
755Pja1zaA687Vql25NHwP,37i9dQZEVXbIVYVBNw9D5K
3ABGx9FyeEdMCjDR5TyfdV,37i9dQZEVXbIVYVBNw9D5K
4HuB9A0O1XwmwTVtTgODm8,37i9dQZEVXbIVYVBNw9D5K
0XNX9BCSWvEwsdBwUTRhMh,37i9dQZEVXbIVYVBNw9D5K
4yhO1qzAICkyoN0w2P2Za4,37i9dQZEVXbIVYVBNw9D5K
4O9hcXs1ohtbw4xnMU8wfo,37i9dQZEVXbIVYVBNw9D5K
13THdxqHT11aSk3G8nUDzZ,37i9dQZEVXbIVYVBNw9D5K
2V4rAqDOrVzthQXJ0PpoNW,37i9dQZEVXbIVYVBNw9D5K
7dWOeNUJfixlvUcpZD90YE,37i9dQZEVXbIVYVBNw9D5K
45dj2Fx0LiZgSuXGnyLDRG,37i9dQZEVXbIVYVBNw9D5K
10n66m41IGjA2ZulKPK7Ew,37i9dQZEVXbIVYVBNw9D5K
6t18CcJVpnFAoWfcZxiZtk,37i9dQZEVXbIVYVBNw9D5K
38QSynLcDBfbETORhSsssH,37i9dQZEVXbIVYVBNw9D5K
7lkqbdBKrsyNNq3xi0LeaY,37i9dQZEVXbIVYVBNw9D5K
5nH1QRipfAJ8Pd9rFu3xHh,37i9dQZEVXbIVYVBNw9D5K
0K2nzvf5Pn6IO0Xyt36iNi,37i9dQZEVXbIVYVBNw9D5K
0zQ8vXWLqSyBi5bYebveW1,37i9dQZEVXbIVYVBNw9D5K
7wy9gDTUipeY35NKn45ru5,37i9dQZEVXbIVYVBNw9D5K
65tIJClJx8fHo6YW4wVDhi,37i9dQZEVXbIVYVBNw9D5K
05QuKF12UfS8ReyTQKbs4o,37i9dQZEVXbIVYVBNw9D5K
0ywlnV6QEZneCbbqLev6qL,37i9dQZEVXbIVYVBNw9D5K
5UV2oqgMXvlkOvvtK3aT7f,37i9dQZEVXbIVYVBNw9D5K
6TnN1PLNMaIBvnUB8mdVT1,37i9dQZEVXbIVYVBNw9D5K
5sIHhx9IOpQ7ggv16wLsWZ,37i9dQZEVXbIVYVBNw9D5K
4Sng3wnol2Gb2yXgFdr9lj,37i9dQZEVXbIVYVBNw9D5K
5kpkEb0M49YM516trGUSWS,37i9dQZEVXbIVYVBNw9D5K
4qcngMZ8yF98sAnFKlvXPN,37i9dQZEVXbIVYVBNw9D5K
18Ies0Fsw2IwDuLoOhDlyy,37i9dQZEVXbIVYVBNw9D5K
0r6tglSiN3TZTyRMvMCR5B,37i9dQZEVXbIVYVBNw9D5K
7jnN5sT8rk6PIvBZRWYdJj,37i9dQZEVXbIVYVBNw9D5K
11AkXmBdjwu4upt22GjJrG,37i9dQZEVXbIVYVBNw9D5K
2MvIexkUblP1QdpBzKot3N,37i9dQZEVXbIVYVBNw9D5K
2SwQShWjZsxoGviEyaEMOX,37i9dQZEVXbIVYVBNw9D5K
0yLdNVWF3Srea0uzk55zFn,37i9dQZEVXbLnolsZ8PSNw
1Qrg8KqiBpW07V7PNxwwwL,37i9dQZEVXbLnolsZ8PSNw
5WxVXxCMRnvxUKFq40ELwq,37i9dQZEVXbLnolsZ8PSNw
0JXXNGljqupsJaZsgSbMZV,37i9dQZEVXbLnolsZ8PSNw
2dHHgzDwk4BJdRwy9uXhTO,37i9dQZEVXbLnolsZ8PSNw
0V3wPSX9ygBnCm8psDIegu,37i9dQZEVXbLnolsZ8PSNw
3zkyus0njMCL6phZmNNEeN,37i9dQZEVXbLnolsZ8PSNw
6iJUSrA6XoX4FNLGPqzHOv,37i9dQZEVXbLnolsZ8PSNw
4uUG5RXrOk84mYEfFvj3cK,37i9dQZEVXbLnolsZ8PSNw
0NZPBYD5qbEWRs3PrGiRkT,37i9dQZEVXbLnolsZ8PSNw
5RobAV5ROH5KARimi7n3cO,37i9dQZEVXbLnolsZ8PSNw
0WtM2NBVQNNJLh6scP13H8,37i9dQZEVXbLnolsZ8PSNw
4sx6NRwL6Ol3V6m9exwGlQ,37i9dQZEVXbLnolsZ8PSNw
4Dvkj6JhhA12EX05fT7y2e,37i9dQZEVXbLnolsZ8PSNw
73vIOb4Q7YN6HeJTbscRx5,37i9dQZEVXbLnolsZ8PSNw
0QHEIqNKsMoOY5urbzN48u,37i9dQZEVXbLnolsZ8PSNw
6BePGk3eCan4FqaW2X8Qy3,37i9dQZEVXbLnolsZ8PSNw
7jtQIBanIiJOMS6RyCx6jZ,37i9dQZEVXbLnolsZ8PSNw
4h9wh7iOZ0GGn8QVp4RAOB,37i9dQZEVXbLnolsZ8PSNw
220n79cLlh2NwvlIEEKpKt,37i9dQZEVXbLnolsZ8PSNw
6UN73IYd0hZxLi8wFPMQij,37i9dQZEVXbLnolsZ8PSNw
1bDbXMyjaUIooNwFE9wn0N,37i9dQZEVXbLnolsZ8PSNw
2r7BOWS3bEYjEUbLiH8kVM,37i9dQZEVXbLnolsZ8PSNw
1eprzC29mwUQqcVj0eILdx,37i9dQZEVXbLnolsZ8PSNw
5uSFGgIfHMT3osrAd9n9ym,37i9dQZEVXbLnolsZ8PSNw
1xzi1Jcr7mEi9K2RfzLOqS,37i9dQZEVXbLnolsZ8PSNw
4k6Uh1HXdhtusDW5y8Gbvy,37i9dQZEVXbLnolsZ8PSNw
5odlY52u43F5BjByhxg7wg,37i9dQZEVXbLnolsZ8PSNw
4JBiO7wRnE6ueszEUpo347,37i9dQZEVXbLnolsZ8PSNw
2QjOHCTQ1Jl3zawyYOpxh6,37i9dQZEVXbLnolsZ8PSNw
3azJifCSqg9fRij2yKIbWz,37i9dQZEVXbLnolsZ8PSNw
4rPJSqrov3zqGwXlemLBMw,37i9dQZEVXbLnolsZ8PSNw
26b3oVLrRUaaybJulow9kz,37i9dQZEVXbLnolsZ8PSNw
39JofJHEtg8I4fSyo7Imft,37i9dQZEVXbLnolsZ8PSNw
003vvx7Niy0yvhvHt4a68B,37i9dQZEVXbLnolsZ8PSNw
5IgjP7X4th6nMNDh4akUHb,37i9dQZEVXbLnolsZ8PSNw
0vjeOZ3Ft5jvAi9SBFJm1j,37i9dQZEVXbLnolsZ8PSNw
5XeFesFbtLpXzIVDNQP22n,37i9dQZEVXbLnolsZ8PSNw
0JIhRhZPF5j5dx0FGqTWxy,37i9dQZEVXbLnolsZ8PSNw
78Sw5GDo6AlGwTwanjXbGh,37i9dQZEVXbLnolsZ8PSNw
2LBqCSwhJGcFQeTHMVGwy3,37i9dQZEVXbLnolsZ8PSNw
1mea3bSkSGXuIRvnydlB5b,37i9dQZEVXbLnolsZ8PSNw
40SBS57su9xLiE1WqkXOVr,37i9dQZEVXbLnolsZ8PSNw
3LtpKP5abr2qqjunvjlX5i,37i9dQZEVXbLnolsZ8PSNw
2LWJ0zNei0z2WjHHwSNUkx,37i9dQZEVXbLnolsZ8PSNw
561jH07mF1jHuk7KlaeF0s,37i9dQZEVXbLnolsZ8PSNw
2L9N0zZnd37dwF0clgxMGI,37i9dQZEVXbLnolsZ8PSNw
3i0FkJYlU4MFfYkjFHXXAM,37i9dQZEVXbLnolsZ8PSNw
58ge6dfP91o9oXMzq3XkIS,37i9dQZEVXbLnolsZ8PSNw
5vlzH0ps6WDyb158oFTAb3,37i9dQZEVXbLnolsZ8PSNw
0yLdNVWF3Srea0uzk55zFn,37i9dQZEVXbL3J0k32lWnN
12YCYHtGcwm9kbSmbcWB4f,37i9dQZEVXbL3J0k32lWnN
0eTCdGJVebRb5e6PXR73D9,37i9dQZEVXbL3J0k32lWnN
6oNgurLd0pCnLMWPOxt5Es,37i9dQZEVXbL3J0k32lWnN
4dbqhooQ6Q9MJsCYTKyKYe,37i9dQZEVXbL3J0k32lWnN
2dHHgzDwk4BJdRwy9uXhTO,37i9dQZEVXbL3J0k32lWnN
3i0kzCSbAY2kDX2xiJdRLE,37i9dQZEVXbL3J0k32lWnN
5WxVXxCMRnvxUKFq40ELwq,37i9dQZEVXbL3J0k32lWnN
705n1V0dBe4UOZC1oaah9a,37i9dQZEVXbL3J0k32lWnN
2rfl7SRwfel3gNhXBmL60u,37i9dQZEVXbL3J0k32lWnN
0QiwUoiD9DZ6VGF5qgf6yg,37i9dQZEVXbL3J0k32lWnN
4EKSw9Jzun2WFvjm2HU58X,37i9dQZEVXbL3J0k32lWnN
1Qrg8KqiBpW07V7PNxwwwL,37i9dQZEVXbL3J0k32lWnN
63Dymm6U4WHLRy87e8GBbo,37i9dQZEVXbL3J0k32lWnN
4uUG5RXrOk84mYEfFvj3cK,37i9dQZEVXbL3J0k32lWnN
5O6qenUvH31dan0pojwLj1,37i9dQZEVXbL3J0k32lWnN
7JqI6lxV0zDu8wIUYegsGE,37i9dQZEVXbL3J0k32lWnN
7E78vk7szNr8GqZO0gjMWf,37i9dQZEVXbL3J0k32lWnN
26b3oVLrRUaaybJulow9kz,37i9dQZEVXbL3J0k32lWnN
6BePGk3eCan4FqaW2X8Qy3,37i9dQZEVXbL3J0k32lWnN
5TC5naM4A19URX3rAKAeX3,37i9dQZEVXbL3J0k32lWnN
7tleRLLNqW5yH7846TguuZ,37i9dQZEVXbL3J0k32lWnN
3zkyus0njMCL6phZmNNEeN,37i9dQZEVXbL3J0k32lWnN
4sx6NRwL6Ol3V6m9exwGlQ,37i9dQZEVXbL3J0k32lWnN
0BGEImCBesJKIm5kZ0fOkH,37i9dQZEVXbL3J0k32lWnN
2hDrbSyhJstGmPDmZDlDTH,37i9dQZEVXbL3J0k32lWnN
0JIhRhZPF5j5dx0FGqTWxy,37i9dQZEVXbL3J0k32lWnN
544G00CbV8gz0eqpeEAvhg,37i9dQZEVXbL3J0k32lWnN
5fS3B6lae85C2rA8jPfoE2,37i9dQZEVXbL3J0k32lWnN
2kVFy8VoECOiRdjQqHtUNw,37i9dQZEVXbL3J0k32lWnN
1aOl53hkZGHkl2Snhr7opL,37i9dQZEVXbL3J0k32lWnN
60GwMZeymeZYj7GiEzHQ7d,37i9dQZEVXbL3J0k32lWnN
2qu0CT9kxrXUIltBW09K7B,37i9dQZEVXbL3J0k32lWnN
0NZPBYD5qbEWRs3PrGiRkT,37i9dQZEVXbL3J0k32lWnN
3fe2pEkW24bNn4WCOt1b0s,37i9dQZEVXbL3J0k32lWnN
0JXXNGljqupsJaZsgSbMZV,37i9dQZEVXbL3J0k32lWnN
0QHEIqNKsMoOY5urbzN48u,37i9dQZEVXbL3J0k32lWnN
1v1gAoEB2WyRE87LtFV46D,37i9dQZEVXbL3J0k32lWnN
5UDkdxN87TOPiL7cTNkh7l,37i9dQZEVXbL3J0k32lWnN
06bMZsOQ6qQGHCTeM9r9bU,37i9dQZEVXbL3J0k32lWnN
0V3wPSX9ygBnCm8psDIegu,37i9dQZEVXbL3J0k32lWnN
7jtQIBanIiJOMS6RyCx6jZ,37i9dQZEVXbL3J0k32lWnN
1qy2BuZzSU0JHnGqWRwV3N,37i9dQZEVXbL3J0k32lWnN
4TduZWpCeQP1YKrrqzPbw4,37i9dQZEVXbL3J0k32lWnN
4nrPB8O7Y7wsOCJdgXkthe,37i9dQZEVXbL3J0k32lWnN
09N9LGyKqWlLViq2bQjFxR,37i9dQZEVXbL3J0k32lWnN
22fNmvVD1bC4rWv6hg29pC,37i9dQZEVXbL3J0k32lWnN
4XhW9iOypxiiNyIMpirPFv,37i9dQZEVXbL3J0k32lWnN
3LlqJkcXMBIAE5X1uUiZUN,37i9dQZEVXbL3J0k32lWnN
7DzV3IBvCHicokoiUCpWda,37i9dQZEVXbL3J0k32lWnN
4nrPB8O7Y7wsOCJdgXkthe,37i9dQZEVXbNFJfN1Vw8d9
4FAKtPVycI4DxoOHC01YqD,37i9dQZEVXbNFJfN1Vw8d9
0yLdNVWF3Srea0uzk55zFn,37i9dQZEVXbNFJfN1Vw8d9
0Sfn2TYbpQtCGMBf6C0Y6T,37i9dQZEVXbNFJfN1Vw8d9
2SiAcexM2p1yX6joESbehd,37i9dQZEVXbNFJfN1Vw8d9
5qP24CrDI0rmY5zwRvUfzU,37i9dQZEVXbNFJfN1Vw8d9
1DxEbt6OSbrkRthk6pjZue,37i9dQZEVXbNFJfN1Vw8d9
4WiQA1AGWHFvaxBU6bHghs,37i9dQZEVXbNFJfN1Vw8d9
0Iozrbed8spxoBnmtBMshO,37i9dQZEVXbNFJfN1Vw8d9
2mnXxnrX5vCGolNkaFvVeM,37i9dQZEVXbNFJfN1Vw8d9
0FirgnvrpCkkhdaq64Gfen,37i9dQZEVXbNFJfN1Vw8d9
5ww2BF9slyYgNOk37BlC4u,37i9dQZEVXbNFJfN1Vw8d9
2tTmW7RDtMQtBk7m2rYeSw,37i9dQZEVXbNFJfN1Vw8d9
1zsPaEkglFvxjAhrM8yhpr,37i9dQZEVXbNFJfN1Vw8d9
3pjvkWO9fqiRRBE1tDLu3S,37i9dQZEVXbNFJfN1Vw8d9
5q86iSKkBtOoNkdgEDY5WV,37i9dQZEVXbNFJfN1Vw8d9
4EQOGfssbSpTlV6EZRtrSv,37i9dQZEVXbNFJfN1Vw8d9
5yocaqYG38qpSSxV1t0o3D,37i9dQZEVXbNFJfN1Vw8d9
0NO2zL0kw8sGGnaMvHKAZF,37i9dQZEVXbNFJfN1Vw8d9
25MXhQD6t6jkWhYcuGBcjt,37i9dQZEVXbNFJfN1Vw8d9
0CYTGMBYkwUxrj1MWDLrC5,37i9dQZEVXbNFJfN1Vw8d9
2CeKVsFFXG4QzA415QygGb,37i9dQZEVXbNFJfN1Vw8d9
3vKYvbzB7801a5qd47pxkm,37i9dQZEVXbNFJfN1Vw8d9
50naDXYjnGlLgrE7yUxsok,37i9dQZEVXbNFJfN1Vw8d9
6WbAhuwE6fCOriBu5786X1,37i9dQZEVXbNFJfN1Vw8d9
0xCRFfgIHOsmovVZzrFCoT,37i9dQZEVXbNFJfN1Vw8d9
53tfEupEzQRtVFOeZvk7xq,37i9dQZEVXbNFJfN1Vw8d9
54ELExv56KCAB4UP9cOCzC,37i9dQZEVXbNFJfN1Vw8d9
4uVEdikP5eLUy8Dq6gjiPV,37i9dQZEVXbNFJfN1Vw8d9
0otoSS2m3QjbDLzsHMobgK,37i9dQZEVXbNFJfN1Vw8d9
6OzUIp8KjuwxJnCWkXp1uL,37i9dQZEVXbNFJfN1Vw8d9
5S7FewmYYyLNdMOfeEcB6P,37i9dQZEVXbNFJfN1Vw8d9
5jt25aFjW2kNoBqaEVaz5W,37i9dQZEVXbNFJfN1Vw8d9
2hLXUbsOU9cDb9RFva9FYr,37i9dQZEVXbNFJfN1Vw8d9
0BJMkf1sQmY3TwcHapARZI,37i9dQZEVXbNFJfN1Vw8d9
6G12ZafqofSq7YtrMqUm76,37i9dQZEVXbNFJfN1Vw8d9
6gN4xor5X60aNKrvyjMBPU,37i9dQZEVXbNFJfN1Vw8d9
15wMJJiVpt2ABQw032Rywi,37i9dQZEVXbNFJfN1Vw8d9
0WtM2NBVQNNJLh6scP13H8,37i9dQZEVXbNFJfN1Vw8d9
5x17YrAwajDUCqB8zT9ElY,37i9dQZEVXbNFJfN1Vw8d9
4YBgxy0sK4ykesIYuLldxz,37i9dQZEVXbNFJfN1Vw8d9
4Rjq1TZbF0bDstOs6SiI6J,37i9dQZEVXbNFJfN1Vw8d9
4SMeOd5Fb7Rp92ODZTWCHV,37i9dQZEVXbNFJfN1Vw8d9
7rJ1eWSl8VIoKW9Qj7ImSU,37i9dQZEVXbNFJfN1Vw8d9
6i1g5ZRmJZAkDwBaUZ3f2i,37i9dQZEVXbNFJfN1Vw8d9
24PUqZJcXUjByIybGftoHZ,37i9dQZEVXbNFJfN1Vw8d9
3otxqaLl04PmaRD4zmOJeO,37i9dQZEVXbNFJfN1Vw8d9
5R2hNuiiwnKVAUNktF9j2Y,37i9dQZEVXbNFJfN1Vw8d9
58cEG7FsVoipRiRKUMgOjo,37i9dQZEVXbNFJfN1Vw8d9
76Oz7riVeTOze5U1ceIt41,37i9dQZEVXbNFJfN1Vw8d9
0yLdNVWF3Srea0uzk55zFn,37i9dQZEVXbMxcczTSoGwZ
4f1IC0mWzqRcYtsALav0kJ,37i9dQZEVXbMxcczTSoGwZ
0tNhrnTkLSMUkql3iTCgW4,37i9dQZEVXbMxcczTSoGwZ
5RX8T3EoTuXcybAxe6oPAw,37i9dQZEVXbMxcczTSoGwZ
1mHRqzrSR9MQaryDj6GibE,37i9dQZEVXbMxcczTSoGwZ
08Y12A4mwKiGIOvap0hHPH,37i9dQZEVXbMxcczTSoGwZ
12zIIWVV5guPmsV7yQGsOM,37i9dQZEVXbMxcczTSoGwZ
2IWvgjThRD86tBtx19JYLn,37i9dQZEVXbMxcczTSoGwZ
6ISLBKxChtxZ5Ws6nO6Cbi,37i9dQZEVXbMxcczTSoGwZ
0SKqOkYoE8ebXyTZQaBjnd,37i9dQZEVXbMxcczTSoGwZ
4Mg2rAHrqKXQzLRIwr4j9r,37i9dQZEVXbMxcczTSoGwZ
3nNtD3vtQ8yhrxQ5bxaRAB,37i9dQZEVXbMxcczTSoGwZ
47EttOPfJblOFsztpSseEm,37i9dQZEVXbMxcczTSoGwZ
1Myk7vkJ2IZm88Vt9IC21u,37i9dQZEVXbMxcczTSoGwZ
59EjpBgEOq3kr53cNLAcF2,37i9dQZEVXbMxcczTSoGwZ
0lPrY8sXUen0bqga0BIeWa,37i9dQZEVXbMxcczTSoGwZ
2Xt73nX1u3QHzJmQlpuGMP,37i9dQZEVXbMxcczTSoGwZ
4EXBxZeqKIayJa65KtAwZw,37i9dQZEVXbMxcczTSoGwZ
4F7V4HGz5qeokniev7MT2c,37i9dQZEVXbMxcczTSoGwZ
4uUG5RXrOk84mYEfFvj3cK,37i9dQZEVXbMxcczTSoGwZ
3KOKML3DT5AbPOQYWjBZTh,37i9dQZEVXbMxcczTSoGwZ
5IrehI7ObhFWGhWxGb65U1,37i9dQZEVXbMxcczTSoGwZ
1Q1S0iW0vVwRdHrHi7wa94,37i9dQZEVXbMxcczTSoGwZ
5WxVXxCMRnvxUKFq40ELwq,37i9dQZEVXbMxcczTSoGwZ
2dHHgzDwk4BJdRwy9uXhTO,37i9dQZEVXbMxcczTSoGwZ
4nrPB8O7Y7wsOCJdgXkthe,37i9dQZEVXbMxcczTSoGwZ
1vKaXLIYk3t1OOM6zL2xpT,37i9dQZEVXbMxcczTSoGwZ
1Qrg8KqiBpW07V7PNxwwwL,37i9dQZEVXbMxcczTSoGwZ
4LF4LXtyULKaS3skaAndBp,37i9dQZEVXbMxcczTSoGwZ
14LdhxElpZS0rKVV4nxtdA,37i9dQZEVXbMxcczTSoGwZ
3dMSUouXkSMQRxrn5tQFB6,37i9dQZEVXbMxcczTSoGwZ
3Ksvxtooh9DzGfWv64bYkp,37i9dQZEVXbMxcczTSoGwZ
0oiz37APFPumfnCdLWNYjO,37i9dQZEVXbMxcczTSoGwZ
561jH07mF1jHuk7KlaeF0s,37i9dQZEVXbMxcczTSoGwZ
79Hll9uh2wBbKqDJc4LuXl,37i9dQZEVXbMxcczTSoGwZ
7jtQIBanIiJOMS6RyCx6jZ,37i9dQZEVXbMxcczTSoGwZ
244HqAdMLdMTElPUxvT9RT,37i9dQZEVXbMxcczTSoGwZ
21GN53EvKL963Dr2Q2B9SW,37i9dQZEVXbMxcczTSoGwZ
0WzmYcHhfkchwvZagvItxK,37i9dQZEVXbMxcczTSoGwZ
2QS3MUxQ1oZvaThkIX0SmT,37i9dQZEVXbMxcczTSoGwZ
2G1gCuldjtW9xcN1n1yenB,37i9dQZEVXbMxcczTSoGwZ
1RCQAeceDgtbD7WVLWr05S,37i9dQZEVXbMxcczTSoGwZ
44Xyja7xYPlVC6v2CeweSi,37i9dQZEVXbMxcczTSoGwZ
3zkyus0njMCL6phZmNNEeN,37i9dQZEVXbMxcczTSoGwZ
6qverLcFcryBhJBgomIZjw,37i9dQZEVXbMxcczTSoGwZ
2h9FYDFYIScQ4dHtsL70gn,37i9dQZEVXbMxcczTSoGwZ
55qPuI6NekVyNPM6kh5DN4,37i9dQZEVXbMxcczTSoGwZ
11BKm0j4eYoCPPpCONAVwA,37i9dQZEVXbMxcczTSoGwZ
1F4ndGt7gZ5bD8h2Eam1uT,37i9dQZEVXbMxcczTSoGwZ
0hR9rAzfwW8EuutTXdSzuF,37i9dQZEVXbMxcczTSoGwZ
0yLdNVWF3Srea0uzk55zFn,37i9dQZEVXbIPWwFssbupI
16FTTvpIgihyei3EBNw1jd,37i9dQZEVXbIPWwFssbupI
3xrZCGMyXIDqesVz4QwJOL,37i9dQZEVXbIPWwFssbupI
5UPpgOKi0UQMMMSzWWgJJe,37i9dQZEVXbIPWwFssbupI
7wNHu6h06KBh20KVYmnRKa,37i9dQZEVXbIPWwFssbupI
3NzxPt9QFCTsFBQ0wPVTDe,37i9dQZEVXbIPWwFssbupI
3D29kjUyWxsT3jUUTtARVQ,37i9dQZEVXbIPWwFssbupI
4serT1J6lu8eTsMMG9VhF8,37i9dQZEVXbIPWwFssbupI
1xLCwgQcF6bKncTJmRGGws,37i9dQZEVXbIPWwFssbupI
2dHHgzDwk4BJdRwy9uXhTO,37i9dQZEVXbIPWwFssbupI
5HavMB9WGE33KK6NL8XjXl,37i9dQZEVXbIPWwFssbupI
2Jof799F251cl0DyUW2dqW,37i9dQZEVXbIPWwFssbupI
7A2DyRIqqelhZ4caPJMaFI,37i9dQZEVXbIPWwFssbupI
4uUG5RXrOk84mYEfFvj3cK,37i9dQZEVXbIPWwFssbupI
43vjYTKZg8R5LsuITJ4wVu,37i9dQZEVXbIPWwFssbupI
3zkyus0njMCL6phZmNNEeN,37i9dQZEVXbIPWwFssbupI
0i9RysNKssk6syOrKDX3U2,37i9dQZEVXbIPWwFssbupI
53tfEupEzQRtVFOeZvk7xq,37i9dQZEVXbIPWwFssbupI
4wNyrbY6B2Okii8VeKo2B2,37i9dQZEVXbIPWwFssbupI
43eoqH9CIZqy7VXLnwwMnu,37i9dQZEVXbIPWwFssbupI
7exHT4swWOKL5addPeqkLP,37i9dQZEVXbIPWwFssbupI
4nrPB8O7Y7wsOCJdgXkthe,37i9dQZEVXbIPWwFssbupI
6YWjskKykdPsBuiTBOg1VK,37i9dQZEVXbIPWwFssbupI
0WtM2NBVQNNJLh6scP13H8,37i9dQZEVXbIPWwFssbupI
73vIOb4Q7YN6HeJTbscRx5,37i9dQZEVXbIPWwFssbupI
0uSjZhPKuYBcObeetfVlpn,37i9dQZEVXbIPWwFssbupI
6zJejIfVYLgjud3lTk4DLB,37i9dQZEVXbIPWwFssbupI
38T0tPVZHcPZyhtOcCP7pF,37i9dQZEVXbIPWwFssbupI
3PqAQRlPl0yOnqqcB6Y5Cw,37i9dQZEVXbIPWwFssbupI
0NZPBYD5qbEWRs3PrGiRkT,37i9dQZEVXbIPWwFssbupI
6PrB4KpvuoYWtwjPC5a44S,37i9dQZEVXbIPWwFssbupI
4otT81iBBpaf36roGtzT4a,37i9dQZEVXbIPWwFssbupI
5w3GRfKybnACxA4vTuIDAi,37i9dQZEVXbIPWwFssbupI
6btgTbK2UslfSu0qjTEXQm,37i9dQZEVXbIPWwFssbupI
7jtQIBanIiJOMS6RyCx6jZ,37i9dQZEVXbIPWwFssbupI
5klPZRehMLpiKUchPAzKyR,37i9dQZEVXbIPWwFssbupI
4h9wh7iOZ0GGn8QVp4RAOB,37i9dQZEVXbIPWwFssbupI
0jHBAPWVAZIwW67hg0XHnh,37i9dQZEVXbIPWwFssbupI
6OZwia8loN0aPS0vTvsBjR,37i9dQZEVXbIPWwFssbupI
5atXcF9P7BvCIfCwpALYXB,37i9dQZEVXbIPWwFssbupI
48BdA5qBxXVoe59xvu0bwc,37i9dQZEVXbIPWwFssbupI
0S1WhhsVn5wxUngCz5TQnE,37i9dQZEVXbIPWwFssbupI
4oujvmTUXlPr6jWTWuzfAK,37i9dQZEVXbIPWwFssbupI
0Jh6iWjna1wk5le0Ahn7No,37i9dQZEVXbIPWwFssbupI
7LKbaK4RD00Nso9EJk4opn,37i9dQZEVXbIPWwFssbupI
0z3bi63SNZ5ylyHOzb81Uq,37i9dQZEVXbIPWwFssbupI
4Dvkj6JhhA12EX05fT7y2e,37i9dQZEVXbIPWwFssbupI
3x6n0IkVMIqTl7EE2j3R2g,37i9dQZEVXbIPWwFssbupI
6sCvvleqKbeyOkQDieBYgp,37i9dQZEVXbIPWwFssbupI
3TVUW7bJJWDOonkVCZxfLV,37i9dQZEVXbIPWwFssbupI
0yLdNVWF3Srea0uzk55zFn,37i9dQZEVXbKCF6dqVpDkS
323zcUSa2qrq0aUAwL30sT,37i9dQZEVXbKCF6dqVpDkS
4fWyBvLIPO68D2Ff87t1em,37i9dQZEVXbKCF6dqVpDkS
0LVjBdjZvJykxed42ExTLf,37i9dQZEVXbKCF6dqVpDkS
1L8sanepRgDJlQTsPQ4mU1,37i9dQZEVXbKCF6dqVpDkS
0xLnJgUHvPnq6n2ESDSMXF,37i9dQZEVXbKCF6dqVpDkS
50vXZhuyOfXaEkG3jVacmd,37i9dQZEVXbKCF6dqVpDkS
2dHHgzDwk4BJdRwy9uXhTO,37i9dQZEVXbKCF6dqVpDkS
5WxVXxCMRnvxUKFq40ELwq,37i9dQZEVXbKCF6dqVpDkS
2LcmbuYX7tyR4DWy3b273L,37i9dQZEVXbKCF6dqVpDkS
5tiTVSryX1Hu09cPsNvaIR,37i9dQZEVXbKCF6dqVpDkS
5y9KXJV7Gwk3Up34fyPWMr,37i9dQZEVXbKCF6dqVpDkS
1HFFfvXM13DA5hYt6SjhZj,37i9dQZEVXbKCF6dqVpDkS
4uUG5RXrOk84mYEfFvj3cK,37i9dQZEVXbKCF6dqVpDkS
7jtQIBanIiJOMS6RyCx6jZ,37i9dQZEVXbKCF6dqVpDkS
3zkyus0njMCL6phZmNNEeN,37i9dQZEVXbKCF6dqVpDkS
6BePGk3eCan4FqaW2X8Qy3,37i9dQZEVXbKCF6dqVpDkS
65PPYvLLxqXwYEIdpW8fy6,37i9dQZEVXbKCF6dqVpDkS
0NZPBYD5qbEWRs3PrGiRkT,37i9dQZEVXbKCF6dqVpDkS
0DDcpc9ImOsGUWupRj2xu5,37i9dQZEVXbKCF6dqVpDkS
1aOl53hkZGHkl2Snhr7opL,37i9dQZEVXbKCF6dqVpDkS
1Qrg8KqiBpW07V7PNxwwwL,37i9dQZEVXbKCF6dqVpDkS
0JIhRhZPF5j5dx0FGqTWxy,37i9dQZEVXbKCF6dqVpDkS
73vIOb4Q7YN6HeJTbscRx5,37i9dQZEVXbKCF6dqVpDkS
1ruXNzERqtHdoXULOAcCsJ,37i9dQZEVXbKCF6dqVpDkS
0V3wPSX9ygBnCm8psDIegu,37i9dQZEVXbKCF6dqVpDkS
7Gzz44FpTbZu0DNVVZjwPs,37i9dQZEVXbKCF6dqVpDkS
7vtbmvZElsg69HeTdn6N55,37i9dQZEVXbKCF6dqVpDkS
0QHEIqNKsMoOY5urbzN48u,37i9dQZEVXbKCF6dqVpDkS
5qeKjCFlvCwPlUK3zeBZfD,37i9dQZEVXbKCF6dqVpDkS
26b3oVLrRUaaybJulow9kz,37i9dQZEVXbKCF6dqVpDkS
7exHT4swWOKL5addPeqkLP,37i9dQZEVXbKCF6dqVpDkS
5YdnOm5990Kfq1Jodws98B,37i9dQZEVXbKCF6dqVpDkS
3K00Ib1shkOEiAXU5pec6e,37i9dQZEVXbKCF6dqVpDkS
1635wWSdp29PO3GxYhy991,37i9dQZEVXbKCF6dqVpDkS
185P7rSD4EGHKzCerrvYtF,37i9dQZEVXbKCF6dqVpDkS
0zKbDrEXKpnExhGQRe9dxt,37i9dQZEVXbKCF6dqVpDkS
6n4LMiU6CQu8NuGeuhBwwa,37i9dQZEVXbKCF6dqVpDkS
1Y3LN4zO1Edc2EluIoSPJN,37i9dQZEVXbKCF6dqVpDkS
38T0tPVZHcPZyhtOcCP7pF,37i9dQZEVXbKCF6dqVpDkS
3oFKhY9iW9S0iA9OHO9tN6,37i9dQZEVXbKCF6dqVpDkS
0jm8p2ErwB4u3uvxc7vxGy,37i9dQZEVXbKCF6dqVpDkS
3rb0tMq42WfggucPm0HHkA,37i9dQZEVXbKCF6dqVpDkS
4Dvkj6JhhA12EX05fT7y2e,37i9dQZEVXbKCF6dqVpDkS
7xTDT7gyIrv0xWpwwXExxU,37i9dQZEVXbKCF6dqVpDkS
3KZlVBckUXU3qCmi0h0VHf,37i9dQZEVXbKCF6dqVpDkS
5VzimlAe6d9QJgCYgWky8v,37i9dQZEVXbKCF6dqVpDkS
3BnDvpeuGOj21Ir2aVEtQo,37i9dQZEVXbKCF6dqVpDkS
4nrPB8O7Y7wsOCJdgXkthe,37i9dQZEVXbKCF6dqVpDkS
1xs8bOvm3IzEYmcLJVOc34,37i9dQZEVXbKCF6dqVpDkS
0yLdNVWF3Srea0uzk55zFn,37i9dQZEVXbJvfa0Yxg7E7
6TYFXyFTDZ6qwFPuBJfWpK,37i9dQZEVXbJvfa0Yxg7E7
7GZ0lQasbKSKie0I1Bv7Vd,37i9dQZEVXbJvfa0Yxg7E7
0xbSjXWyD0M1ucTtKHPd2N,37i9dQZEVXbJvfa0Yxg7E7
7esGcqsNB1vSVAeVDfOW1c,37i9dQZEVXbJvfa0Yxg7E7
14LdhxElpZS0rKVV4nxtdA,37i9dQZEVXbJvfa0Yxg7E7
0bg4gJlfoDR0ICj58UfmdF,37i9dQZEVXbJvfa0Yxg7E7
1Qrg8KqiBpW07V7PNxwwwL,37i9dQZEVXbJvfa0Yxg7E7
6Wu2r3oKnrObZf8a18QVJH,37i9dQZEVXbJvfa0Yxg7E7
4vOoQh9MhS9pyrbvc8LyMz,37i9dQZEVXbJvfa0Yxg7E7
2dHHgzDwk4BJdRwy9uXhTO,37i9dQZEVXbJvfa0Yxg7E7
0imwUR7oy4kgX2IjMoLPDy,37i9dQZEVXbJvfa0Yxg7E7
4uUG5RXrOk84mYEfFvj3cK,37i9dQZEVXbJvfa0Yxg7E7
5WxVXxCMRnvxUKFq40ELwq,37i9dQZEVXbJvfa0Yxg7E7
4sx6NRwL6Ol3V6m9exwGlQ,37i9dQZEVXbJvfa0Yxg7E7
28mdpto16dpOw2vl5B4MWi,37i9dQZEVXbJvfa0Yxg7E7
3aiOu3VFNOD9omIGG7nSq1,37i9dQZEVXbJvfa0Yxg7E7
7jtQIBanIiJOMS6RyCx6jZ,37i9dQZEVXbJvfa0Yxg7E7
5cUqVMM5kxpkud2kKK7LCi,37i9dQZEVXbJvfa0Yxg7E7
6BePGk3eCan4FqaW2X8Qy3,37i9dQZEVXbJvfa0Yxg7E7
0JXXNGljqupsJaZsgSbMZV,37i9dQZEVXbJvfa0Yxg7E7
0zKbDrEXKpnExhGQRe9dxt,37i9dQZEVXbJvfa0Yxg7E7
6iAzs8DCRsCDkr3UCyptXO,37i9dQZEVXbJvfa0Yxg7E7
1aOl53hkZGHkl2Snhr7opL,37i9dQZEVXbJvfa0Yxg7E7
4f3SD5C93R8QXPNmAip2PR,37i9dQZEVXbJvfa0Yxg7E7
3zkyus0njMCL6phZmNNEeN,37i9dQZEVXbJvfa0Yxg7E7
6b02mOA9cRfwiX69pFuXUo,37i9dQZEVXbJvfa0Yxg7E7
3VjEyvyWkd09eE6h1weCfn,37i9dQZEVXbJvfa0Yxg7E7
4v8yhLDEcRQ6BynXcCrGMo,37i9dQZEVXbJvfa0Yxg7E7
0NZPBYD5qbEWRs3PrGiRkT,37i9dQZEVXbJvfa0Yxg7E7
5YdnOm5990Kfq1Jodws98B,37i9dQZEVXbJvfa0Yxg7E7
56kyGGwLIVAR30ZFiASn8Q,37i9dQZEVXbJvfa0Yxg7E7
774f2Kn00cBgYObzXGEHbx,37i9dQZEVXbJvfa0Yxg7E7
2NijPPmzSplyT9d4YdeLse,37i9dQZEVXbJvfa0Yxg7E7
1Y3LN4zO1Edc2EluIoSPJN,37i9dQZEVXbJvfa0Yxg7E7
561jH07mF1jHuk7KlaeF0s,37i9dQZEVXbJvfa0Yxg7E7
3azJifCSqg9fRij2yKIbWz,37i9dQZEVXbJvfa0Yxg7E7
0QHEIqNKsMoOY5urbzN48u,37i9dQZEVXbJvfa0Yxg7E7
0JIhRhZPF5j5dx0FGqTWxy,37i9dQZEVXbJvfa0Yxg7E7
1qxsnAxrgjvPRMcGbsYTgW,37i9dQZEVXbJvfa0Yxg7E7
4olmG0sFJ6L0LVI8ssiZFz,37i9dQZEVXbJvfa0Yxg7E7
5odlY52u43F5BjByhxg7wg,37i9dQZEVXbJvfa0Yxg7E7
2coLAzVouJE4BC8lrKbDLk,37i9dQZEVXbJvfa0Yxg7E7
4XnMxCBN6BQw6eUFXwUwKb,37i9dQZEVXbJvfa0Yxg7E7
4Dvkj6JhhA12EX05fT7y2e,37i9dQZEVXbJvfa0Yxg7E7
4nrPB8O7Y7wsOCJdgXkthe,37i9dQZEVXbJvfa0Yxg7E7
1oKXshzJtz3zDA6dJY8VlZ,37i9dQZEVXbJvfa0Yxg7E7
26b3oVLrRUaaybJulow9kz,37i9dQZEVXbJvfa0Yxg7E7
0SxQZ81RX3icOvVCrLDszO,37i9dQZEVXbJvfa0Yxg7E7
0ZbEc2puxrGJ4VXfJ4VTuD,37i9dQZEVXbJvfa0Yxg7E7
1fOZciVVoZ1RqpuO5i2hbU,37i9dQZEVXbLoATJ81JYXz
0yLdNVWF3Srea0uzk55zFn,37i9dQZEVXbLoATJ81JYXz
0SOgdDDCI704FegadgOfc1,37i9dQZEVXbLoATJ81JYXz
4vOoQh9MhS9pyrbvc8LyMz,37i9dQZEVXbLoATJ81JYXz
74xfr2lyWfi2qZjWtqovBg,37i9dQZEVXbLoATJ81JYXz
1Yn8nh3NeSEfA7Oo9dqCvR,37i9dQZEVXbLoATJ81JYXz
0u8AMrMBM6S3YBDfPYwMfe,37i9dQZEVXbLoATJ81JYXz
2e9JCw6tagF1APPHXWy6ff,37i9dQZEVXbLoATJ81JYXz
5g9gZGiXlk747pESQzmmRT,37i9dQZEVXbLoATJ81JYXz
1fIeKG6eI8FZzVL9mhlz8t,37i9dQZEVXbLoATJ81JYXz
2dHHgzDwk4BJdRwy9uXhTO,37i9dQZEVXbLoATJ81JYXz
1Qrg8KqiBpW07V7PNxwwwL,37i9dQZEVXbLoATJ81JYXz
3xPsqMJQNM14OrawTBiK4G,37i9dQZEVXbLoATJ81JYXz
4uUG5RXrOk84mYEfFvj3cK,37i9dQZEVXbLoATJ81JYXz
1VJRxqJhpEIpnHon7ssp1p,37i9dQZEVXbLoATJ81JYXz
3zkyus0njMCL6phZmNNEeN,37i9dQZEVXbLoATJ81JYXz
2ZfaBbRMcEgSF8JnJIaEBP,37i9dQZEVXbLoATJ81JYXz
5WxVXxCMRnvxUKFq40ELwq,37i9dQZEVXbLoATJ81JYXz
1gbty36aDBvrkV4Ux8Y20r,37i9dQZEVXbLoATJ81JYXz
1PcFYA0p9UxvQkLe18s8gz,37i9dQZEVXbLoATJ81JYXz
5maA851Fle6XexgJgJzFjF,37i9dQZEVXbLoATJ81JYXz
0gLXS6YP75FZnZllPNdEvy,37i9dQZEVXbLoATJ81JYXz
1ngA3uuYGhKy42xrYEPnwQ,37i9dQZEVXbLoATJ81JYXz
7I2nD5Z74Ein0fa1P20Zfz,37i9dQZEVXbLoATJ81JYXz
0078peqORcMMXbcYEfeLkk,37i9dQZEVXbLoATJ81JYXz
6D434uIe6ssDPXbCx9O9Bn,37i9dQZEVXbLoATJ81JYXz
26b3oVLrRUaaybJulow9kz,37i9dQZEVXbLoATJ81JYXz
4sx6NRwL6Ol3V6m9exwGlQ,37i9dQZEVXbLoATJ81JYXz
0V3wPSX9ygBnCm8psDIegu,37i9dQZEVXbLoATJ81JYXz
0JXXNGljqupsJaZsgSbMZV,37i9dQZEVXbLoATJ81JYXz
4DJ6P3O5xd11cQMOsPIWg7,37i9dQZEVXbLoATJ81JYXz
1RwQZNgaXl01krZHuSUlE8,37i9dQZEVXbLoATJ81JYXz
6RM3nkmx7A6BRUpNkA6SCM,37i9dQZEVXbLoATJ81JYXz
3yEStDgucd72WiJNUZWDw5,37i9dQZEVXbLoATJ81JYXz
7jtQIBanIiJOMS6RyCx6jZ,37i9dQZEVXbLoATJ81JYXz
4hYamjfzU3VXJCUkfakO0J,37i9dQZEVXbLoATJ81JYXz
561jH07mF1jHuk7KlaeF0s,37i9dQZEVXbLoATJ81JYXz
0QHEIqNKsMoOY5urbzN48u,37i9dQZEVXbLoATJ81JYXz
5U0ndjpjzmT1aoLr3pB4zO,37i9dQZEVXbLoATJ81JYXz
6BePGk3eCan4FqaW2X8Qy3,37i9dQZEVXbLoATJ81JYXz
43xz0Ed6oE5r3FSblGZtE0,37i9dQZEVXbLoATJ81JYXz
5KMyGMGRiSMZLG1q9sMYRx,37i9dQZEVXbLoATJ81JYXz
3OqnzptKSFrtjr3sldBD1F,37i9dQZEVXbLoATJ81JYXz
7EN8ZT8lGdXH58ulXwW94R,37i9dQZEVXbLoATJ81JYXz
0NZPBYD5qbEWRs3PrGiRkT,37i9dQZEVXbLoATJ81JYXz
5YdnOm5990Kfq1Jodws98B,37i9dQZEVXbLoATJ81JYXz
4nrPB8O7Y7wsOCJdgXkthe,37i9dQZEVXbLoATJ81JYXz
7y3tROxVvdzvJGu4NgWV6l,37i9dQZEVXbLoATJ81JYXz
1puxV64QJkmRUhhXt4T9rD,37i9dQZEVXbLoATJ81JYXz
0dXCa5c9CZzkNHx1p6SOlb,37i9dQZEVXbLoATJ81JYXz
0yLdNVWF3Srea0uzk55zFn,37i9dQZEVXbLRQDuF5jeBp
1Qrg8KqiBpW07V7PNxwwwL,37i9dQZEVXbLRQDuF5jeBp
59uQI0PADDKeE6UZDTJEe8,37i9dQZEVXbLRQDuF5jeBp
2dHHgzDwk4BJdRwy9uXhTO,37i9dQZEVXbLRQDuF5jeBp
0cv6mTbrqr8vxGC31NjKtM,37i9dQZEVXbLRQDuF5jeBp
4w9lk0Nyj7kuDxlL5PZVlv,37i9dQZEVXbLRQDuF5jeBp
0vjeOZ3Ft5jvAi9SBFJm1j,37i9dQZEVXbLRQDuF5jeBp
4FyesJzVpA39hbYvcseO2d,37i9dQZEVXbLRQDuF5jeBp
1bDbXMyjaUIooNwFE9wn0N,37i9dQZEVXbLRQDuF5jeBp
2LBqCSwhJGcFQeTHMVGwy3,37i9dQZEVXbLRQDuF5jeBp
0JXXNGljqupsJaZsgSbMZV,37i9dQZEVXbLRQDuF5jeBp
5odlY52u43F5BjByhxg7wg,37i9dQZEVXbLRQDuF5jeBp
0V3wPSX9ygBnCm8psDIegu,37i9dQZEVXbLRQDuF5jeBp
4nrPB8O7Y7wsOCJdgXkthe,37i9dQZEVXbLRQDuF5jeBp
4sx6NRwL6Ol3V6m9exwGlQ,37i9dQZEVXbLRQDuF5jeBp
4k6Uh1HXdhtusDW5y8Gbvy,37i9dQZEVXbLRQDuF5jeBp
1xK59OXxi2TAAAbmZK0kBL,37i9dQZEVXbLRQDuF5jeBp
3WMj8moIAXJhHsyLaqIIHI,37i9dQZEVXbLRQDuF5jeBp
4Dvkj6JhhA12EX05fT7y2e,37i9dQZEVXbLRQDuF5jeBp
2GAhgAjOhEmItWLfgisyOn,37i9dQZEVXbLRQDuF5jeBp
78Sw5GDo6AlGwTwanjXbGh,37i9dQZEVXbLRQDuF5jeBp
42TtHTxWk782ZBiqyOi2d1,37i9dQZEVXbLRQDuF5jeBp
0NZPBYD5qbEWRs3PrGiRkT,37i9dQZEVXbLRQDuF5jeBp
4iZ4pt7kvcaH6Yo8UoZ4s2,37i9dQZEVXbLRQDuF5jeBp
68Dni7IE4VyPkTOH9mRWHr,37i9dQZEVXbLRQDuF5jeBp
5WxVXxCMRnvxUKFq40ELwq,37i9dQZEVXbLRQDuF5jeBp
3azJifCSqg9fRij2yKIbWz,37i9dQZEVXbLRQDuF5jeBp
4686eQ81DEswHa90bcdlC9,37i9dQZEVXbLRQDuF5jeBp
0IKeDy5bT9G0bA7ZixRT4A,37i9dQZEVXbLRQDuF5jeBp
65FftemJ1DbbZ45DUfHJXE,37i9dQZEVXbLRQDuF5jeBp
3RKjTYlQrtLXCq5ncswBPp,37i9dQZEVXbLRQDuF5jeBp
5jQI2r1RdgtuT8S3iG8zFC,37i9dQZEVXbLRQDuF5jeBp
5Y35SjAfXjjG0sFQ3KOxmm,37i9dQZEVXbLRQDuF5jeBp
4uUG5RXrOk84mYEfFvj3cK,37i9dQZEVXbLRQDuF5jeBp
3F5CgOj3wFlRv51JsHbxhe,37i9dQZEVXbLRQDuF5jeBp
3r8RuvgbX9s7ammBn07D3W,37i9dQZEVXbLRQDuF5jeBp
5uU1uuyaUIBOiiUSQG7Wl3,37i9dQZEVXbLRQDuF5jeBp
2QjOHCTQ1Jl3zawyYOpxh6,37i9dQZEVXbLRQDuF5jeBp
6BQrmjAgPfPTwILoFEK3Hd,37i9dQZEVXbLRQDuF5jeBp
3hxIUxnT27p5WcmjGUXNwx,37i9dQZEVXbLRQDuF5jeBp
2wSTnntOPRi7aQneobFtU4,37i9dQZEVXbLRQDuF5jeBp
3EaJDYHA0KnX88JvDhL9oa,37i9dQZEVXbLRQDuF5jeBp
7EAMXbLcL0qXmciM5SwMh2,37i9dQZEVXbLRQDuF5jeBp
4h9wh7iOZ0GGn8QVp4RAOB,37i9dQZEVXbLRQDuF5jeBp
6KGtAlYvgm4W9PoYabFAYE,37i9dQZEVXbLRQDuF5jeBp
3cBsEDNhFI9E82vPj3kvi3,37i9dQZEVXbLRQDuF5jeBp
1IHWl5LamUGEuP4ozKQSXZ,37i9dQZEVXbLRQDuF5jeBp
1N8TTK1Uoy7UvQNUazfUt5,37i9dQZEVXbLRQDuF5jeBp
6dgUya35uo964z7GZXM07g,37i9dQZEVXbLRQDuF5jeBp
58ge6dfP91o9oXMzq3XkIS,37i9dQZEVXbLRQDuF5jeBp
0yLdNVWF3Srea0uzk55zFn,37i9dQZEVXbKNHh6NIXu36
7oQepKHmXDaPC3rgeLRvQu,37i9dQZEVXbKNHh6NIXu36
7DyDjhZMEIK5Ied4juTCyc,37i9dQZEVXbKNHh6NIXu36
4uUG5RXrOk84mYEfFvj3cK,37i9dQZEVXbKNHh6NIXu36
7sJNeWTXkZCEC7OnFMpGWL,37i9dQZEVXbKNHh6NIXu36
561jH07mF1jHuk7KlaeF0s,37i9dQZEVXbKNHh6NIXu36
7jtQIBanIiJOMS6RyCx6jZ,37i9dQZEVXbKNHh6NIXu36
0NZPBYD5qbEWRs3PrGiRkT,37i9dQZEVXbKNHh6NIXu36
2dHHgzDwk4BJdRwy9uXhTO,37i9dQZEVXbKNHh6NIXu36
3zkyus0njMCL6phZmNNEeN,37i9dQZEVXbKNHh6NIXu36
5WxVXxCMRnvxUKFq40ELwq,37i9dQZEVXbKNHh6NIXu36
3rb0tMq42WfggucPm0HHkA,37i9dQZEVXbKNHh6NIXu36
6BePGk3eCan4FqaW2X8Qy3,37i9dQZEVXbKNHh6NIXu36
4lkLzhx8zsVIdNd1WANxuA,37i9dQZEVXbKNHh6NIXu36
4nrPB8O7Y7wsOCJdgXkthe,37i9dQZEVXbKNHh6NIXu36
0V3wPSX9ygBnCm8psDIegu,37i9dQZEVXbKNHh6NIXu36
1Qrg8KqiBpW07V7PNxwwwL,37i9dQZEVXbKNHh6NIXu36
1pGxSl5VmzBtejKSmuAKKU,37i9dQZEVXbKNHh6NIXu36
5BfAcaTKnD5s6hkwrK6EhQ,37i9dQZEVXbKNHh6NIXu36
5YdnOm5990Kfq1Jodws98B,37i9dQZEVXbKNHh6NIXu36
4YxZQd3I4rj1nqkXgvpCk4,37i9dQZEVXbKNHh6NIXu36
6yeZM8gyykjaf8w0GqRfK4,37i9dQZEVXbKNHh6NIXu36
4h9wh7iOZ0GGn8QVp4RAOB,37i9dQZEVXbKNHh6NIXu36
1aOl53hkZGHkl2Snhr7opL,37i9dQZEVXbKNHh6NIXu36
23SqoExnmW4BTJEYzMJze8,37i9dQZEVXbKNHh6NIXu36
0JXXNGljqupsJaZsgSbMZV,37i9dQZEVXbKNHh6NIXu36
5qEGAHerczFt3HmL9lhh4j,37i9dQZEVXbKNHh6NIXu36
4tQA4uDHh6iPaQLWaxeQqH,37i9dQZEVXbKNHh6NIXu36
4sx6NRwL6Ol3V6m9exwGlQ,37i9dQZEVXbKNHh6NIXu36
4Dvkj6JhhA12EX05fT7y2e,37i9dQZEVXbKNHh6NIXu36
3kgt8Ys78I6GBZlQrWqZiA,37i9dQZEVXbKNHh6NIXu36
64IFiUCsksRiHrUwfPKw6H,37i9dQZEVXbKNHh6NIXu36
73vIOb4Q7YN6HeJTbscRx5,37i9dQZEVXbKNHh6NIXu36
4HkRGYJYn1Y99uXpqTyOI6,37i9dQZEVXbKNHh6NIXu36
6e180XtptMddkCejgq7o8K,37i9dQZEVXbKNHh6NIXu36
5xX2LYdXyx0Boa61rZOjq5,37i9dQZEVXbKNHh6NIXu36
6zJejIfVYLgjud3lTk4DLB,37i9dQZEVXbKNHh6NIXu36
38T0tPVZHcPZyhtOcCP7pF,37i9dQZEVXbKNHh6NIXu36
22skzmqfdWrjJylampe0kt,37i9dQZEVXbKNHh6NIXu36
5ZduaRci3iNUiDfJbBfAaf,37i9dQZEVXbKNHh6NIXu36
0QHEIqNKsMoOY5urbzN48u,37i9dQZEVXbKNHh6NIXu36
4zN21mbAuaD0WqtmaTZZeP,37i9dQZEVXbKNHh6NIXu36
35DkXhxqTMiQB582tfjowU,37i9dQZEVXbKNHh6NIXu36
0WtM2NBVQNNJLh6scP13H8,37i9dQZEVXbKNHh6NIXu36
2xIHVoglz5mLrNf145RieQ,37i9dQZEVXbKNHh6NIXu36
2QjOHCTQ1Jl3zawyYOpxh6,37i9dQZEVXbKNHh6NIXu36
4N5s8lPTsjI9EGP7K4SXzB,37i9dQZEVXbKNHh6NIXu36
7fZBQnc0zXwVybgCIrQQil,37i9dQZEVXbKNHh6NIXu36
0DH7ZmouflLanUgjYaUP0e,37i9dQZEVXbKNHh6NIXu36
5WBJoNzyDtXLPR60EZIIeA,37i9dQZEVXbKNHh6NIXu36
0yLdNVWF3Srea0uzk55zFn,37i9dQZEVXbJiyhoAPEfMK
4nrPB8O7Y7wsOCJdgXkthe,37i9dQZEVXbJiyhoAPEfMK
7oQepKHmXDaPC3rgeLRvQu,37i9dQZEVXbJiyhoAPEfMK
4uUG5RXrOk84mYEfFvj3cK,37i9dQZEVXbJiyhoAPEfMK
7DyDjhZMEIK5Ied4juTCyc,37i9dQZEVXbJiyhoAPEfMK
2dHHgzDwk4BJdRwy9uXhTO,37i9dQZEVXbJiyhoAPEfMK
7jtQIBanIiJOMS6RyCx6jZ,37i9dQZEVXbJiyhoAPEfMK
3zkyus0njMCL6phZmNNEeN,37i9dQZEVXbJiyhoAPEfMK
0NZPBYD5qbEWRs3PrGiRkT,37i9dQZEVXbJiyhoAPEfMK
561jH07mF1jHuk7KlaeF0s,37i9dQZEVXbJiyhoAPEfMK
5WxVXxCMRnvxUKFq40ELwq,37i9dQZEVXbJiyhoAPEfMK
1Qrg8KqiBpW07V7PNxwwwL,37i9dQZEVXbJiyhoAPEfMK
2tTmW7RDtMQtBk7m2rYeSw,37i9dQZEVXbJiyhoAPEfMK
3BnDvpeuGOj21Ir2aVEtQo,37i9dQZEVXbJiyhoAPEfMK
4Dvkj6JhhA12EX05fT7y2e,37i9dQZEVXbJiyhoAPEfMK
6zJejIfVYLgjud3lTk4DLB,37i9dQZEVXbJiyhoAPEfMK
16FTTvpIgihyei3EBNw1jd,37i9dQZEVXbJiyhoAPEfMK
0JXXNGljqupsJaZsgSbMZV,37i9dQZEVXbJiyhoAPEfMK
4h9wh7iOZ0GGn8QVp4RAOB,37i9dQZEVXbJiyhoAPEfMK
0WtM2NBVQNNJLh6scP13H8,37i9dQZEVXbJiyhoAPEfMK
7sJNeWTXkZCEC7OnFMpGWL,37i9dQZEVXbJiyhoAPEfMK
3xrZCGMyXIDqesVz4QwJOL,37i9dQZEVXbJiyhoAPEfMK
6BePGk3eCan4FqaW2X8Qy3,37i9dQZEVXbJiyhoAPEfMK
1aOl53hkZGHkl2Snhr7opL,37i9dQZEVXbJiyhoAPEfMK
1xs8bOvm3IzEYmcLJVOc34,37i9dQZEVXbJiyhoAPEfMK
73vIOb4Q7YN6HeJTbscRx5,37i9dQZEVXbJiyhoAPEfMK
0V3wPSX9ygBnCm8psDIegu,37i9dQZEVXbJiyhoAPEfMK
77gw3ZwYga4BjxOKJW6Gas,37i9dQZEVXbJiyhoAPEfMK
3rb0tMq42WfggucPm0HHkA,37i9dQZEVXbJiyhoAPEfMK
5ww2BF9slyYgNOk37BlC4u,37i9dQZEVXbJiyhoAPEfMK
2SiAcexM2p1yX6joESbehd,37i9dQZEVXbJiyhoAPEfMK
5YdnOm5990Kfq1Jodws98B,37i9dQZEVXbJiyhoAPEfMK
0QHEIqNKsMoOY5urbzN48u,37i9dQZEVXbJiyhoAPEfMK
22skzmqfdWrjJylampe0kt,37i9dQZEVXbJiyhoAPEfMK
26b3oVLrRUaaybJulow9kz,37i9dQZEVXbJiyhoAPEfMK
6sCvvleqKbeyOkQDieBYgp,37i9dQZEVXbJiyhoAPEfMK
4zN21mbAuaD0WqtmaTZZeP,37i9dQZEVXbJiyhoAPEfMK
3uUuGVFu1V7jTQL60S1r8z,37i9dQZEVXbJiyhoAPEfMK
7exHT4swWOKL5addPeqkLP,37i9dQZEVXbJiyhoAPEfMK
38T0tPVZHcPZyhtOcCP7pF,37i9dQZEVXbJiyhoAPEfMK
02MWAaffLxlfxAUY7c5dvx,37i9dQZEVXbJiyhoAPEfMK
3xWGA8pa0IKFI7IMPri4P0,37i9dQZEVXbJiyhoAPEfMK
54ipXppHLA8U4yqpOFTUhr,37i9dQZEVXbJiyhoAPEfMK
0vjeOZ3Ft5jvAi9SBFJm1j,37i9dQZEVXbJiyhoAPEfMK
3i0FkJYlU4MFfYkjFHXXAM,37i9dQZEVXbJiyhoAPEfMK
5IgjP7X4th6nMNDh4akUHb,37i9dQZEVXbJiyhoAPEfMK
6b37xrsNCWYIUphFBazqD6,37i9dQZEVXbJiyhoAPEfMK
4sx6NRwL6Ol3V6m9exwGlQ,37i9dQZEVXbJiyhoAPEfMK
3LtpKP5abr2qqjunvjlX5i,37i9dQZEVXbJiyhoAPEfMK
6JIC3hbC28JZKZ8AlAqX8h,37i9dQZEVXbJiyhoAPEfMK
0yLdNVWF3Srea0uzk55zFn,37i9dQZEVXbJNSeeHswcKB
4uUG5RXrOk84mYEfFvj3cK,37i9dQZEVXbJNSeeHswcKB
73vIOb4Q7YN6HeJTbscRx5,37i9dQZEVXbJNSeeHswcKB
2dHHgzDwk4BJdRwy9uXhTO,37i9dQZEVXbJNSeeHswcKB
3zkyus0njMCL6phZmNNEeN,37i9dQZEVXbJNSeeHswcKB
7jtQIBanIiJOMS6RyCx6jZ,37i9dQZEVXbJNSeeHswcKB
0NZPBYD5qbEWRs3PrGiRkT,37i9dQZEVXbJNSeeHswcKB
5WxVXxCMRnvxUKFq40ELwq,37i9dQZEVXbJNSeeHswcKB
4nrPB8O7Y7wsOCJdgXkthe,37i9dQZEVXbJNSeeHswcKB
3xrZCGMyXIDqesVz4QwJOL,37i9dQZEVXbJNSeeHswcKB
7exHT4swWOKL5addPeqkLP,37i9dQZEVXbJNSeeHswcKB
16FTTvpIgihyei3EBNw1jd,37i9dQZEVXbJNSeeHswcKB
4fWyBvLIPO68D2Ff87t1em,37i9dQZEVXbJNSeeHswcKB
7Gzz44FpTbZu0DNVVZjwPs,37i9dQZEVXbJNSeeHswcKB
1Qrg8KqiBpW07V7PNxwwwL,37i9dQZEVXbJNSeeHswcKB
4Dvkj6JhhA12EX05fT7y2e,37i9dQZEVXbJNSeeHswcKB
1L8sanepRgDJlQTsPQ4mU1,37i9dQZEVXbJNSeeHswcKB
0V3wPSX9ygBnCm8psDIegu,37i9dQZEVXbJNSeeHswcKB
7vwTsX8UY5QZmPiQUmWkaL,37i9dQZEVXbJNSeeHswcKB
0QHEIqNKsMoOY5urbzN48u,37i9dQZEVXbJNSeeHswcKB
6BePGk3eCan4FqaW2X8Qy3,37i9dQZEVXbJNSeeHswcKB
1aOl53hkZGHkl2Snhr7opL,37i9dQZEVXbJNSeeHswcKB
2LcmbuYX7tyR4DWy3b273L,37i9dQZEVXbJNSeeHswcKB
6zJejIfVYLgjud3lTk4DLB,37i9dQZEVXbJNSeeHswcKB
5UPpgOKi0UQMMMSzWWgJJe,37i9dQZEVXbJNSeeHswcKB
561jH07mF1jHuk7KlaeF0s,37i9dQZEVXbJNSeeHswcKB
4h9wh7iOZ0GGn8QVp4RAOB,37i9dQZEVXbJNSeeHswcKB
0WtM2NBVQNNJLh6scP13H8,37i9dQZEVXbJNSeeHswcKB
38T0tPVZHcPZyhtOcCP7pF,37i9dQZEVXbJNSeeHswcKB
0JXXNGljqupsJaZsgSbMZV,37i9dQZEVXbJNSeeHswcKB
3D29kjUyWxsT3jUUTtARVQ,37i9dQZEVXbJNSeeHswcKB
7wNHu6h06KBh20KVYmnRKa,37i9dQZEVXbJNSeeHswcKB
1xzi1Jcr7mEi9K2RfzLOqS,37i9dQZEVXbJNSeeHswcKB
6sCvvleqKbeyOkQDieBYgp,37i9dQZEVXbJNSeeHswcKB
0DDcpc9ImOsGUWupRj2xu5,37i9dQZEVXbJNSeeHswcKB
3LtpKP5abr2qqjunvjlX5i,37i9dQZEVXbJNSeeHswcKB
3rb0tMq42WfggucPm0HHkA,37i9dQZEVXbJNSeeHswcKB
22skzmqfdWrjJylampe0kt,37i9dQZEVXbJNSeeHswcKB
0pfP5XgWsu3uDB6NygGBEq,37i9dQZEVXbJNSeeHswcKB
3BnDvpeuGOj21Ir2aVEtQo,37i9dQZEVXbJNSeeHswcKB
5y9KXJV7Gwk3Up34fyPWMr,37i9dQZEVXbJNSeeHswcKB
3K00Ib1shkOEiAXU5pec6e,37i9dQZEVXbJNSeeHswcKB
2WcEQUVZAV7RxNBrHmcFKn,37i9dQZEVXbJNSeeHswcKB
3NzxPt9QFCTsFBQ0wPVTDe,37i9dQZEVXbJNSeeHswcKB
1mea3bSkSGXuIRvnydlB5b,37i9dQZEVXbJNSeeHswcKB
26b3oVLrRUaaybJulow9kz,37i9dQZEVXbJNSeeHswcKB
44Xyja7xYPlVC6v2CeweSi,37i9dQZEVXbJNSeeHswcKB
02MWAaffLxlfxAUY7c5dvx,37i9dQZEVXbJNSeeHswcKB
7yq4Qj7cqayVTp3FF9CWbm,37i9dQZEVXbJNSeeHswcKB
0JIhRhZPF5j5dx0FGqTWxy,37i9dQZEVXbJNSeeHswcKB
7oQepKHmXDaPC3rgeLRvQu,37i9dQZEVXbJiZcmkrIHGU
0yLdNVWF3Srea0uzk55zFn,37i9dQZEVXbJiZcmkrIHGU
7DyDjhZMEIK5Ied4juTCyc,37i9dQZEVXbJiZcmkrIHGU
4YxZQd3I4rj1nqkXgvpCk4,37i9dQZEVXbJiZcmkrIHGU
6e180XtptMddkCejgq7o8K,37i9dQZEVXbJiZcmkrIHGU
2dHHgzDwk4BJdRwy9uXhTO,37i9dQZEVXbJiZcmkrIHGU
5WxVXxCMRnvxUKFq40ELwq,37i9dQZEVXbJiZcmkrIHGU
4uUG5RXrOk84mYEfFvj3cK,37i9dQZEVXbJiZcmkrIHGU
5BfAcaTKnD5s6hkwrK6EhQ,37i9dQZEVXbJiZcmkrIHGU
7sJNeWTXkZCEC7OnFMpGWL,37i9dQZEVXbJiZcmkrIHGU
561jH07mF1jHuk7KlaeF0s,37i9dQZEVXbJiZcmkrIHGU
3zkyus0njMCL6phZmNNEeN,37i9dQZEVXbJiZcmkrIHGU
4lkLzhx8zsVIdNd1WANxuA,37i9dQZEVXbJiZcmkrIHGU
0NZPBYD5qbEWRs3PrGiRkT,37i9dQZEVXbJiZcmkrIHGU
5WBJoNzyDtXLPR60EZIIeA,37i9dQZEVXbJiZcmkrIHGU
1z9NVyu6rOFQR57vA94xbR,37i9dQZEVXbJiZcmkrIHGU
7jtQIBanIiJOMS6RyCx6jZ,37i9dQZEVXbJiZcmkrIHGU
4tQA4uDHh6iPaQLWaxeQqH,37i9dQZEVXbJiZcmkrIHGU
4HkRGYJYn1Y99uXpqTyOI6,37i9dQZEVXbJiZcmkrIHGU
1pGxSl5VmzBtejKSmuAKKU,37i9dQZEVXbJiZcmkrIHGU
0fNYJMvRcSBEC4zK3SClpK,37i9dQZEVXbJiZcmkrIHGU
7lkYdyKCN44Lc5saKwIGhP,37i9dQZEVXbJiZcmkrIHGU
6yeZM8gyykjaf8w0GqRfK4,37i9dQZEVXbJiZcmkrIHGU
0V3wPSX9ygBnCm8psDIegu,37i9dQZEVXbJiZcmkrIHGU
6BePGk3eCan4FqaW2X8Qy3,37i9dQZEVXbJiZcmkrIHGU
4nrPB8O7Y7wsOCJdgXkthe,37i9dQZEVXbJiZcmkrIHGU
1Qrg8KqiBpW07V7PNxwwwL,37i9dQZEVXbJiZcmkrIHGU
4tRhRLBxIZ34Iw0eCuiC03,37i9dQZEVXbJiZcmkrIHGU
5ZduaRci3iNUiDfJbBfAaf,37i9dQZEVXbJiZcmkrIHGU
7jYwZOptDPesQgzj7vhsEF,37i9dQZEVXbJiZcmkrIHGU
2xIHVoglz5mLrNf145RieQ,37i9dQZEVXbJiZcmkrIHGU
0DH7ZmouflLanUgjYaUP0e,37i9dQZEVXbJiZcmkrIHGU
5CGPOGyyF3XvyQwyqlJH0P,37i9dQZEVXbJiZcmkrIHGU
3rb0tMq42WfggucPm0HHkA,37i9dQZEVXbJiZcmkrIHGU
1kKvfCmzXzRcfszwQrXFPM,37i9dQZEVXbJiZcmkrIHGU
0JXXNGljqupsJaZsgSbMZV,37i9dQZEVXbJiZcmkrIHGU
5xX2LYdXyx0Boa61rZOjq5,37i9dQZEVXbJiZcmkrIHGU
4sx6NRwL6Ol3V6m9exwGlQ,37i9dQZEVXbJiZcmkrIHGU
0WtM2NBVQNNJLh6scP13H8,37i9dQZEVXbJiZcmkrIHGU
5YdnOm5990Kfq1Jodws98B,37i9dQZEVXbJiZcmkrIHGU
5qEGAHerczFt3HmL9lhh4j,37i9dQZEVXbJiZcmkrIHGU
6rCnJGzjbgyYyhILDcpJmc,37i9dQZEVXbJiZcmkrIHGU
3JOV6IFlO4cviGK2cqeTVQ,37i9dQZEVXbJiZcmkrIHGU
38T0tPVZHcPZyhtOcCP7pF,37i9dQZEVXbJiZcmkrIHGU
73vIOb4Q7YN6HeJTbscRx5,37i9dQZEVXbJiZcmkrIHGU
4pnk9Mhzcv3oHxFyARlNNP,37i9dQZEVXbJiZcmkrIHGU
3kgt8Ys78I6GBZlQrWqZiA,37i9dQZEVXbJiZcmkrIHGU
2viO8F8cWAkkHqZIE8ouk8,37i9dQZEVXbJiZcmkrIHGU
6hw1Sy9wZ8UCxYGdpKrU6M,37i9dQZEVXbJiZcmkrIHGU
3PBPLps3EbPjBSSOpKmJ8J,37i9dQZEVXbJiZcmkrIHGU
0yLdNVWF3Srea0uzk55zFn,37i9dQZEVXbM8SIrkERIYl
1Qrg8KqiBpW07V7PNxwwwL,37i9dQZEVXbM8SIrkERIYl
0JXXNGljqupsJaZsgSbMZV,37i9dQZEVXbM8SIrkERIYl
5WxVXxCMRnvxUKFq40ELwq,37i9dQZEVXbM8SIrkERIYl
0NZPBYD5qbEWRs3PrGiRkT,37i9dQZEVXbM8SIrkERIYl
2dHHgzDwk4BJdRwy9uXhTO,37i9dQZEVXbM8SIrkERIYl
6UN73IYd0hZxLi8wFPMQij,37i9dQZEVXbM8SIrkERIYl
4sx6NRwL6Ol3V6m9exwGlQ,37i9dQZEVXbM8SIrkERIYl
26b3oVLrRUaaybJulow9kz,37i9dQZEVXbM8SIrkERIYl
0QHEIqNKsMoOY5urbzN48u,37i9dQZEVXbM8SIrkERIYl
4h9wh7iOZ0GGn8QVp4RAOB,37i9dQZEVXbM8SIrkERIYl
3WMj8moIAXJhHsyLaqIIHI,37i9dQZEVXbM8SIrkERIYl
4uUG5RXrOk84mYEfFvj3cK,37i9dQZEVXbM8SIrkERIYl
0V3wPSX9ygBnCm8psDIegu,37i9dQZEVXbM8SIrkERIYl
5RobAV5ROH5KARimi7n3cO,37i9dQZEVXbM8SIrkERIYl
4Dvkj6JhhA12EX05fT7y2e,37i9dQZEVXbM8SIrkERIYl
73vIOb4Q7YN6HeJTbscRx5,37i9dQZEVXbM8SIrkERIYl
2xHZ0R5LYEbD18FOTjO7dO,37i9dQZEVXbM8SIrkERIYl
4iZ4pt7kvcaH6Yo8UoZ4s2,37i9dQZEVXbM8SIrkERIYl
1bDbXMyjaUIooNwFE9wn0N,37i9dQZEVXbM8SIrkERIYl
6JIC3hbC28JZKZ8AlAqX8h,37i9dQZEVXbM8SIrkERIYl
3zkyus0njMCL6phZmNNEeN,37i9dQZEVXbM8SIrkERIYl
5IgjP7X4th6nMNDh4akUHb,37i9dQZEVXbM8SIrkERIYl
5odlY52u43F5BjByhxg7wg,37i9dQZEVXbM8SIrkERIYl
1xzi1Jcr7mEi9K2RfzLOqS,37i9dQZEVXbM8SIrkERIYl
6r88rMGtfNgC0SJEytTA7c,37i9dQZEVXbM8SIrkERIYl
1GfBLbAhZUWdseuDqhocmn,37i9dQZEVXbM8SIrkERIYl
4k6Uh1HXdhtusDW5y8Gbvy,37i9dQZEVXbM8SIrkERIYl
68Dni7IE4VyPkTOH9mRWHr,37i9dQZEVXbM8SIrkERIYl
3xWGA8pa0IKFI7IMPri4P0,37i9dQZEVXbM8SIrkERIYl
1LIvdWNdKmHvU0FJvw2diN,37i9dQZEVXbM8SIrkERIYl
0O6u0VJ46W86TxN9wgyqDj,37i9dQZEVXbM8SIrkERIYl
78Sw5GDo6AlGwTwanjXbGh,37i9dQZEVXbM8SIrkERIYl
0ofHAoxe9vBkTCp2UQIavz,37i9dQZEVXbM8SIrkERIYl
7yq4Qj7cqayVTp3FF9CWbm,37i9dQZEVXbM8SIrkERIYl
6BePGk3eCan4FqaW2X8Qy3,37i9dQZEVXbM8SIrkERIYl
02MWAaffLxlfxAUY7c5dvx,37i9dQZEVXbM8SIrkERIYl
2GAhgAjOhEmItWLfgisyOn,37i9dQZEVXbM8SIrkERIYl
2LBqCSwhJGcFQeTHMVGwy3,37i9dQZEVXbM8SIrkERIYl
3azJifCSqg9fRij2yKIbWz,37i9dQZEVXbM8SIrkERIYl
567e29TDzLwZwfDuEpGTwo,37i9dQZEVXbM8SIrkERIYl
7dGsBUADSyHoD7zdkKi9Ef,37i9dQZEVXbM8SIrkERIYl
7jtQIBanIiJOMS6RyCx6jZ,37i9dQZEVXbM8SIrkERIYl
3RKjTYlQrtLXCq5ncswBPp,37i9dQZEVXbM8SIrkERIYl
1xK59OXxi2TAAAbmZK0kBL,37i9dQZEVXbM8SIrkERIYl
5JRwHSavFxqA8I5V4h8CLJ,37i9dQZEVXbM8SIrkERIYl
0WtM2NBVQNNJLh6scP13H8,37i9dQZEVXbM8SIrkERIYl
4rPJSqrov3zqGwXlemLBMw,37i9dQZEVXbM8SIrkERIYl
4FyesJzVpA39hbYvcseO2d,37i9dQZEVXbM8SIrkERIYl
1aOl53hkZGHkl2Snhr7opL,37i9dQZEVXbM8SIrkERIYl
0yLdNVWF3Srea0uzk55zFn,37i9dQZEVXbJPcfkRz0wJ0
1Qrg8KqiBpW07V7PNxwwwL,37i9dQZEVXbJPcfkRz0wJ0
6x8to58oCuyPyuXIe5Imak,37i9dQZEVXbJPcfkRz0wJ0
5WxVXxCMRnvxUKFq40ELwq,37i9dQZEVXbJPcfkRz0wJ0
4sx6NRwL6Ol3V6m9exwGlQ,37i9dQZEVXbJPcfkRz0wJ0
2dHHgzDwk4BJdRwy9uXhTO,37i9dQZEVXbJPcfkRz0wJ0
0NZPBYD5qbEWRs3PrGiRkT,37i9dQZEVXbJPcfkRz0wJ0
0V3wPSX9ygBnCm8psDIegu,37i9dQZEVXbJPcfkRz0wJ0
73vIOb4Q7YN6HeJTbscRx5,37i9dQZEVXbJPcfkRz0wJ0
4h9wh7iOZ0GGn8QVp4RAOB,37i9dQZEVXbJPcfkRz0wJ0
39JofJHEtg8I4fSyo7Imft,37i9dQZEVXbJPcfkRz0wJ0
4uUG5RXrOk84mYEfFvj3cK,37i9dQZEVXbJPcfkRz0wJ0
4k6Uh1HXdhtusDW5y8Gbvy,37i9dQZEVXbJPcfkRz0wJ0
3zkyus0njMCL6phZmNNEeN,37i9dQZEVXbJPcfkRz0wJ0
0QHEIqNKsMoOY5urbzN48u,37i9dQZEVXbJPcfkRz0wJ0
6BePGk3eCan4FqaW2X8Qy3,37i9dQZEVXbJPcfkRz0wJ0
4Dvkj6JhhA12EX05fT7y2e,37i9dQZEVXbJPcfkRz0wJ0
0JXXNGljqupsJaZsgSbMZV,37i9dQZEVXbJPcfkRz0wJ0
1bDbXMyjaUIooNwFE9wn0N,37i9dQZEVXbJPcfkRz0wJ0
1xzi1Jcr7mEi9K2RfzLOqS,37i9dQZEVXbJPcfkRz0wJ0
3WMj8moIAXJhHsyLaqIIHI,37i9dQZEVXbJPcfkRz0wJ0
1Y3LN4zO1Edc2EluIoSPJN,37i9dQZEVXbJPcfkRz0wJ0
5odlY52u43F5BjByhxg7wg,37i9dQZEVXbJPcfkRz0wJ0
0O6u0VJ46W86TxN9wgyqDj,37i9dQZEVXbJPcfkRz0wJ0
13Irp51zj01BZu2XtDrnAg,37i9dQZEVXbJPcfkRz0wJ0
567e29TDzLwZwfDuEpGTwo,37i9dQZEVXbJPcfkRz0wJ0
3azJifCSqg9fRij2yKIbWz,37i9dQZEVXbJPcfkRz0wJ0
6UN73IYd0hZxLi8wFPMQij,37i9dQZEVXbJPcfkRz0wJ0
02MWAaffLxlfxAUY7c5dvx,37i9dQZEVXbJPcfkRz0wJ0
48UKTR66uUOT9LaUvooTNx,37i9dQZEVXbJPcfkRz0wJ0
78Sw5GDo6AlGwTwanjXbGh,37i9dQZEVXbJPcfkRz0wJ0
1aOl53hkZGHkl2Snhr7opL,37i9dQZEVXbJPcfkRz0wJ0
7yq4Qj7cqayVTp3FF9CWbm,37i9dQZEVXbJPcfkRz0wJ0
0WtM2NBVQNNJLh6scP13H8,37i9dQZEVXbJPcfkRz0wJ0
2LBqCSwhJGcFQeTHMVGwy3,37i9dQZEVXbJPcfkRz0wJ0
6JIC3hbC28JZKZ8AlAqX8h,37i9dQZEVXbJPcfkRz0wJ0
4FyesJzVpA39hbYvcseO2d,37i9dQZEVXbJPcfkRz0wJ0
4h4QlmocP3IuwYEj2j14p8,37i9dQZEVXbJPcfkRz0wJ0
7jtQIBanIiJOMS6RyCx6jZ,37i9dQZEVXbJPcfkRz0wJ0
4zN21mbAuaD0WqtmaTZZeP,37i9dQZEVXbJPcfkRz0wJ0
40SBS57su9xLiE1WqkXOVr,37i9dQZEVXbJPcfkRz0wJ0
6HMtHNpW6YPi1hrw9tgF8P,37i9dQZEVXbJPcfkRz0wJ0
6zJejIfVYLgjud3lTk4DLB,37i9dQZEVXbJPcfkRz0wJ0
1LIvdWNdKmHvU0FJvw2diN,37i9dQZEVXbJPcfkRz0wJ0
6dgUya35uo964z7GZXM07g,37i9dQZEVXbJPcfkRz0wJ0
4ewazQLXFTDC8XvCbhvtXs,37i9dQZEVXbJPcfkRz0wJ0
003vvx7Niy0yvhvHt4a68B,37i9dQZEVXbJPcfkRz0wJ0
65FftemJ1DbbZ45DUfHJXE,37i9dQZEVXbJPcfkRz0wJ0
38T0tPVZHcPZyhtOcCP7pF,37i9dQZEVXbJPcfkRz0wJ0
54ipXppHLA8U4yqpOFTUhr,37i9dQZEVXbJPcfkRz0wJ0
0yLdNVWF3Srea0uzk55zFn,37i9dQZEVXbKM896FDX8L1
5WxVXxCMRnvxUKFq40ELwq,37i9dQZEVXbKM896FDX8L1
1Qrg8KqiBpW07V7PNxwwwL,37i9dQZEVXbKM896FDX8L1
0V3wPSX9ygBnCm8psDIegu,37i9dQZEVXbKM896FDX8L1
4uUG5RXrOk84mYEfFvj3cK,37i9dQZEVXbKM896FDX8L1
6BePGk3eCan4FqaW2X8Qy3,37i9dQZEVXbKM896FDX8L1
0QHEIqNKsMoOY5urbzN48u,37i9dQZEVXbKM896FDX8L1
2dHHgzDwk4BJdRwy9uXhTO,37i9dQZEVXbKM896FDX8L1
0WtM2NBVQNNJLh6scP13H8,37i9dQZEVXbKM896FDX8L1
0JXXNGljqupsJaZsgSbMZV,37i9dQZEVXbKM896FDX8L1
4JBiO7wRnE6ueszEUpo347,37i9dQZEVXbKM896FDX8L1
0NZPBYD5qbEWRs3PrGiRkT,37i9dQZEVXbKM896FDX8L1
0JIhRhZPF5j5dx0FGqTWxy,37i9dQZEVXbKM896FDX8L1
4Dvkj6JhhA12EX05fT7y2e,37i9dQZEVXbKM896FDX8L1
73vIOb4Q7YN6HeJTbscRx5,37i9dQZEVXbKM896FDX8L1
7jtQIBanIiJOMS6RyCx6jZ,37i9dQZEVXbKM896FDX8L1
4h9wh7iOZ0GGn8QVp4RAOB,37i9dQZEVXbKM896FDX8L1
3zkyus0njMCL6phZmNNEeN,37i9dQZEVXbKM896FDX8L1
5uSFGgIfHMT3osrAd9n9ym,37i9dQZEVXbKM896FDX8L1
2r7BOWS3bEYjEUbLiH8kVM,37i9dQZEVXbKM896FDX8L1
2L9N0zZnd37dwF0clgxMGI,37i9dQZEVXbKM896FDX8L1
4sx6NRwL6Ol3V6m9exwGlQ,37i9dQZEVXbKM896FDX8L1
5RobAV5ROH5KARimi7n3cO,37i9dQZEVXbKM896FDX8L1
4nrPB8O7Y7wsOCJdgXkthe,37i9dQZEVXbKM896FDX8L1
6iJUSrA6XoX4FNLGPqzHOv,37i9dQZEVXbKM896FDX8L1
1mea3bSkSGXuIRvnydlB5b,37i9dQZEVXbKM896FDX8L1
6UN73IYd0hZxLi8wFPMQij,37i9dQZEVXbKM896FDX8L1
7j1ZJAbcm4AMBf82jIrAH3,37i9dQZEVXbKM896FDX8L1
3azJifCSqg9fRij2yKIbWz,37i9dQZEVXbKM896FDX8L1
4rPJSqrov3zqGwXlemLBMw,37i9dQZEVXbKM896FDX8L1
1xzi1Jcr7mEi9K2RfzLOqS,37i9dQZEVXbKM896FDX8L1
39JofJHEtg8I4fSyo7Imft,37i9dQZEVXbKM896FDX8L1
1bDbXMyjaUIooNwFE9wn0N,37i9dQZEVXbKM896FDX8L1
7qEHsqek33rTcFNT9PFqLf,37i9dQZEVXbKM896FDX8L1
5vlzH0ps6WDyb158oFTAb3,37i9dQZEVXbKM896FDX8L1
0vjeOZ3Ft5jvAi9SBFJm1j,37i9dQZEVXbKM896FDX8L1
1eprzC29mwUQqcVj0eILdx,37i9dQZEVXbKM896FDX8L1
1aOl53hkZGHkl2Snhr7opL,37i9dQZEVXbKM896FDX8L1
13Irp51zj01BZu2XtDrnAg,37i9dQZEVXbKM896FDX8L1
003vvx7Niy0yvhvHt4a68B,37i9dQZEVXbKM896FDX8L1
7yq4Qj7cqayVTp3FF9CWbm,37i9dQZEVXbKM896FDX8L1
3i0FkJYlU4MFfYkjFHXXAM,37i9dQZEVXbKM896FDX8L1
4k6Uh1HXdhtusDW5y8Gbvy,37i9dQZEVXbKM896FDX8L1
2QjOHCTQ1Jl3zawyYOpxh6,37i9dQZEVXbKM896FDX8L1
5odlY52u43F5BjByhxg7wg,37i9dQZEVXbKM896FDX8L1
4N5s8lPTsjI9EGP7K4SXzB,37i9dQZEVXbKM896FDX8L1
4FyesJzVpA39hbYvcseO2d,37i9dQZEVXbKM896FDX8L1
3WMj8moIAXJhHsyLaqIIHI,37i9dQZEVXbKM896FDX8L1
5jQI2r1RdgtuT8S3iG8zFC,37i9dQZEVXbKM896FDX8L1
1fDFHXcykq4iw8Gg7s5hG9,37i9dQZEVXbKM896FDX8L1
0yLdNVWF3Srea0uzk55zFn,37i9dQZEVXbKGcyg6TFGx6
4nrPB8O7Y7wsOCJdgXkthe,37i9dQZEVXbKGcyg6TFGx6
2dHHgzDwk4BJdRwy9uXhTO,37i9dQZEVXbKGcyg6TFGx6
3zkyus0njMCL6phZmNNEeN,37i9dQZEVXbKGcyg6TFGx6
4uUG5RXrOk84mYEfFvj3cK,37i9dQZEVXbKGcyg6TFGx6
0NZPBYD5qbEWRs3PrGiRkT,37i9dQZEVXbKGcyg6TFGx6
7oQepKHmXDaPC3rgeLRvQu,37i9dQZEVXbKGcyg6TFGx6
0WtM2NBVQNNJLh6scP13H8,37i9dQZEVXbKGcyg6TFGx6
4r3sIECKwgvwpdc6OQEoZL,37i9dQZEVXbKGcyg6TFGx6
3D29kjUyWxsT3jUUTtARVQ,37i9dQZEVXbKGcyg6TFGx6
1Qrg8KqiBpW07V7PNxwwwL,37i9dQZEVXbKGcyg6TFGx6
5WxVXxCMRnvxUKFq40ELwq,37i9dQZEVXbKGcyg6TFGx6
16FTTvpIgihyei3EBNw1jd,37i9dQZEVXbKGcyg6TFGx6
7jtQIBanIiJOMS6RyCx6jZ,37i9dQZEVXbKGcyg6TFGx6
6zJejIfVYLgjud3lTk4DLB,37i9dQZEVXbKGcyg6TFGx6
5UPpgOKi0UQMMMSzWWgJJe,37i9dQZEVXbKGcyg6TFGx6
7exHT4swWOKL5addPeqkLP,37i9dQZEVXbKGcyg6TFGx6
1xs8bOvm3IzEYmcLJVOc34,37i9dQZEVXbKGcyg6TFGx6
3xrZCGMyXIDqesVz4QwJOL,37i9dQZEVXbKGcyg6TFGx6
4Dvkj6JhhA12EX05fT7y2e,37i9dQZEVXbKGcyg6TFGx6
73vIOb4Q7YN6HeJTbscRx5,37i9dQZEVXbKGcyg6TFGx6
64uQ0RbW0FI10W1cGei6FT,37i9dQZEVXbKGcyg6TFGx6
4h9wh7iOZ0GGn8QVp4RAOB,37i9dQZEVXbKGcyg6TFGx6
0JXXNGljqupsJaZsgSbMZV,37i9dQZEVXbKGcyg6TFGx6
38T0tPVZHcPZyhtOcCP7pF,37i9dQZEVXbKGcyg6TFGx6
6BePGk3eCan4FqaW2X8Qy3,37i9dQZEVXbKGcyg6TFGx6
3BnDvpeuGOj21Ir2aVEtQo,37i9dQZEVXbKGcyg6TFGx6
53tfEupEzQRtVFOeZvk7xq,37i9dQZEVXbKGcyg6TFGx6
0V3wPSX9ygBnCm8psDIegu,37i9dQZEVXbKGcyg6TFGx6
561jH07mF1jHuk7KlaeF0s,37i9dQZEVXbKGcyg6TFGx6
6sCvvleqKbeyOkQDieBYgp,37i9dQZEVXbKGcyg6TFGx6
7DyDjhZMEIK5Ied4juTCyc,37i9dQZEVXbKGcyg6TFGx6
26b3oVLrRUaaybJulow9kz,37i9dQZEVXbKGcyg6TFGx6
1xzi1Jcr7mEi9K2RfzLOqS,37i9dQZEVXbKGcyg6TFGx6
7sJNeWTXkZCEC7OnFMpGWL,37i9dQZEVXbKGcyg6TFGx6
2tTmW7RDtMQtBk7m2rYeSw,37i9dQZEVXbKGcyg6TFGx6
5ww2BF9slyYgNOk37BlC4u,37i9dQZEVXbKGcyg6TFGx6
0QHEIqNKsMoOY5urbzN48u,37i9dQZEVXbKGcyg6TFGx6
3LtpKP5abr2qqjunvjlX5i,37i9dQZEVXbKGcyg6TFGx6
0vjeOZ3Ft5jvAi9SBFJm1j,37i9dQZEVXbKGcyg6TFGx6
5IgjP7X4th6nMNDh4akUHb,37i9dQZEVXbKGcyg6TFGx6
1bDbXMyjaUIooNwFE9wn0N,37i9dQZEVXbKGcyg6TFGx6
7xTDT7gyIrv0xWpwwXExxU,37i9dQZEVXbKGcyg6TFGx6
0i9RysNKssk6syOrKDX3U2,37i9dQZEVXbKGcyg6TFGx6
02MWAaffLxlfxAUY7c5dvx,37i9dQZEVXbKGcyg6TFGx6
54ipXppHLA8U4yqpOFTUhr,37i9dQZEVXbKGcyg6TFGx6
2SiAcexM2p1yX6joESbehd,37i9dQZEVXbKGcyg6TFGx6
78Sw5GDo6AlGwTwanjXbGh,37i9dQZEVXbKGcyg6TFGx6
5BGdBH8MsaHCgfr4TMpRin,37i9dQZEVXbKGcyg6TFGx6
5odlY52u43F5BjByhxg7wg,37i9dQZEVXbKGcyg6TFGx6
1xUnvxp9DFrpwXnO0RHKUp,37i9dQZEVXbIQnj7RRhdSX
4CQNELF3U3gyNcI6sLr6yK,37i9dQZEVXbIQnj7RRhdSX
4nrPB8O7Y7wsOCJdgXkthe,37i9dQZEVXbIQnj7RRhdSX
0yLdNVWF3Srea0uzk55zFn,37i9dQZEVXbIQnj7RRhdSX
5pFKuNJdKLyMceZuopqVFF,37i9dQZEVXbIQnj7RRhdSX
2tTmW7RDtMQtBk7m2rYeSw,37i9dQZEVXbIQnj7RRhdSX
2E32Pv8w20r6ZH4oFecxOf,37i9dQZEVXbIQnj7RRhdSX
0D3QZNAMH2d5MFkVlebo6h,37i9dQZEVXbIQnj7RRhdSX
1la73rdzbQGNRFJyO9E71c,37i9dQZEVXbIQnj7RRhdSX
4midGjEpVz0mYkIdQMFX3l,37i9dQZEVXbIQnj7RRhdSX
1MboxS3hV7Wr8UVO59uRth,37i9dQZEVXbIQnj7RRhdSX
3gMPES6pOosBWxkXAakOxq,37i9dQZEVXbIQnj7RRhdSX
5x9LonDyHxGUO2VzfHJHLE,37i9dQZEVXbIQnj7RRhdSX
0T8x9t5OQmYQAuyUPJCCAD,37i9dQZEVXbIQnj7RRhdSX
39jxR2xnmcBbkdPX9oNzsI,37i9dQZEVXbIQnj7RRhdSX
0AbDjrdgKTXzGzvQ1drgQl,37i9dQZEVXbIQnj7RRhdSX
50DsGEqRiQr6KdEYi0NuSP,37i9dQZEVXbIQnj7RRhdSX
1XpmMe95dk9jh3zuOMpeU2,37i9dQZEVXbIQnj7RRhdSX
1cc9BzqfV6aO0EV8c7jGnN,37i9dQZEVXbIQnj7RRhdSX
6LhPeOpKoX1SnqxDzrS64F,37i9dQZEVXbIQnj7RRhdSX
6K8MYTkn5mZzF6p14hV5cj,37i9dQZEVXbIQnj7RRhdSX
62YtBUOYuyW9qelDb7tFWX,37i9dQZEVXbIQnj7RRhdSX
3zkyus0njMCL6phZmNNEeN,37i9dQZEVXbIQnj7RRhdSX
3WVXxfB3B76CkG2wglKotj,37i9dQZEVXbIQnj7RRhdSX
0SsUOrXUM2gZxVLYizZfQZ,37i9dQZEVXbIQnj7RRhdSX
2i2KQ1gfaIRoExBoYuVjiY,37i9dQZEVXbIQnj7RRhdSX
5z7JlQ74N2M57PRIEI9oE6,37i9dQZEVXbIQnj7RRhdSX
01DXwNf1GzEJkYTbXgL0eb,37i9dQZEVXbIQnj7RRhdSX
4uUG5RXrOk84mYEfFvj3cK,37i9dQZEVXbIQnj7RRhdSX
11H6R8nu1QxB1yGWHgzKl7,37i9dQZEVXbIQnj7RRhdSX
1IHWl5LamUGEuP4ozKQSXZ,37i9dQZEVXbIQnj7RRhdSX
4cfwlJOM85bCQ8drN9iY1r,37i9dQZEVXbIQnj7RRhdSX
5IbrGxWxB427KJEDrphgRN,37i9dQZEVXbIQnj7RRhdSX
7exHT4swWOKL5addPeqkLP,37i9dQZEVXbIQnj7RRhdSX
3XucsgiwXb8KPn9Csf9Zmu,37i9dQZEVXbIQnj7RRhdSX
1E1nbIsPDO1PdtQwsAKKF3,37i9dQZEVXbIQnj7RRhdSX
1NCyzQwhhBc2muaA3bjRvH,37i9dQZEVXbIQnj7RRhdSX
3uQLQ73joqyMYDhI2UaBOq,37i9dQZEVXbIQnj7RRhdSX
0NZPBYD5qbEWRs3PrGiRkT,37i9dQZEVXbIQnj7RRhdSX
2dHHgzDwk4BJdRwy9uXhTO,37i9dQZEVXbIQnj7RRhdSX
1Pw9JvFxbenEtnGRRcDvzD,37i9dQZEVXbIQnj7RRhdSX
7jtQIBanIiJOMS6RyCx6jZ,37i9dQZEVXbIQnj7RRhdSX
6BUueuMQR4k7CuoMEsnGou,37i9dQZEVXbIQnj7RRhdSX
44Xyja7xYPlVC6v2CeweSi,37i9dQZEVXbIQnj7RRhdSX
7tsTlt7Kwj2tFvpukBtZd4,37i9dQZEVXbIQnj7RRhdSX
6zJejIfVYLgjud3lTk4DLB,37i9dQZEVXbIQnj7RRhdSX
298vG7EUMAUWmvapd4PHL8,37i9dQZEVXbIQnj7RRhdSX
0xEgDBXYO9gGzmxCFWKxNg,37i9dQZEVXbIQnj7RRhdSX
6SQmh0L5icrThwGDTeLkg1,37i9dQZEVXbIQnj7RRhdSX
5ZBIeRCyYvb0nGEtsvuth8,37i9dQZEVXbIQnj7RRhdSX
0KMDkQbcglNudXuynwKMs6,37i9dQZEVXbN6itCcaL3Tt
0yLdNVWF3Srea0uzk55zFn,37i9dQZEVXbN6itCcaL3Tt
6NQ83ioZQLARpVmW3mVA7C,37i9dQZEVXbN6itCcaL3Tt
05MYJf19LSo2E1lZ0RrMAC,37i9dQZEVXbN6itCcaL3Tt
3Nqxx5fdl3FQlrk3zarRmA,37i9dQZEVXbN6itCcaL3Tt
4nrPB8O7Y7wsOCJdgXkthe,37i9dQZEVXbN6itCcaL3Tt
09m29we7x9tgxyo6f3OQ87,37i9dQZEVXbN6itCcaL3Tt
4JmaOG7bfj1uNv8jEUg0Ce,37i9dQZEVXbN6itCcaL3Tt
384lHduuDsrR4HPUwR3fG4,37i9dQZEVXbN6itCcaL3Tt
1pCekfmD7qmOpKnTgttGcu,37i9dQZEVXbN6itCcaL3Tt
3f9Ugg030LDe0p6ospTORC,37i9dQZEVXbN6itCcaL3Tt
79qk9XiwYlTfcgdptq6lH6,37i9dQZEVXbN6itCcaL3Tt
0NZPBYD5qbEWRs3PrGiRkT,37i9dQZEVXbN6itCcaL3Tt
4uUG5RXrOk84mYEfFvj3cK,37i9dQZEVXbN6itCcaL3Tt
08sMDBcjUBXWV99gZI092C,37i9dQZEVXbN6itCcaL3Tt
0zmxM4MXfisJRTQcPa1wbv,37i9dQZEVXbN6itCcaL3Tt
73vIOb4Q7YN6HeJTbscRx5,37i9dQZEVXbN6itCcaL3Tt
5KAQJfejYiIa8M6Kyw6Xgr,37i9dQZEVXbN6itCcaL3Tt
0sO777EtfmMVFQ3RdBPfhZ,37i9dQZEVXbN6itCcaL3Tt
5B3vaZQcdqv2KRtzZ9cEQ8,37i9dQZEVXbN6itCcaL3Tt
5Dny8KqcvmDgW6yt0dm0Ew,37i9dQZEVXbN6itCcaL3Tt
5YvL3ytkusKcM5ozxD9fKN,37i9dQZEVXbN6itCcaL3Tt
2nGA88iGanJ3rkDaWXQLyv,37i9dQZEVXbN6itCcaL3Tt
2yxPqxHbj1L7vrCpHLtAcG,37i9dQZEVXbN6itCcaL3Tt
6Jwix2f7lMMhN1TKsDiL5c,37i9dQZEVXbN6itCcaL3Tt
0WtM2NBVQNNJLh6scP13H8,37i9dQZEVXbN6itCcaL3Tt
2dHHgzDwk4BJdRwy9uXhTO,37i9dQZEVXbN6itCcaL3Tt
5GdFPcbGDQqtbVO2jl6Ez5,37i9dQZEVXbN6itCcaL3Tt
14154tJOTjeyeOyhnqP4QM,37i9dQZEVXbN6itCcaL3Tt
1Qrg8KqiBpW07V7PNxwwwL,37i9dQZEVXbN6itCcaL3Tt
2VYT8yaxvwXyRvAWZqM7Ws,37i9dQZEVXbN6itCcaL3Tt
3RKjTYlQrtLXCq5ncswBPp,37i9dQZEVXbN6itCcaL3Tt
4nv5o5Xo4ySBaIVnXr75Xs,37i9dQZEVXbN6itCcaL3Tt
4h9wh7iOZ0GGn8QVp4RAOB,37i9dQZEVXbN6itCcaL3Tt
5qBLfeAGlgGGsckKhsMWpF,37i9dQZEVXbN6itCcaL3Tt
5WxVXxCMRnvxUKFq40ELwq,37i9dQZEVXbN6itCcaL3Tt
1VoUHMVxu1qG2Z9josOhWs,37i9dQZEVXbN6itCcaL3Tt
11BKm0j4eYoCPPpCONAVwA,37i9dQZEVXbN6itCcaL3Tt
3p6uAP2ajkobkIW8IkEpgr,37i9dQZEVXbN6itCcaL3Tt
7jtQIBanIiJOMS6RyCx6jZ,37i9dQZEVXbN6itCcaL3Tt
1cAAn5PKy40T1p15fpTPW8,37i9dQZEVXbN6itCcaL3Tt
4lLmG1fatRUgnRz0Ol0WUi,37i9dQZEVXbN6itCcaL3Tt
4N6rgD6EqLbWcl5ld3NqTP,37i9dQZEVXbN6itCcaL3Tt
561jH07mF1jHuk7KlaeF0s,37i9dQZEVXbN6itCcaL3Tt
3T601uaEcVdVmGE5w3BSDW,37i9dQZEVXbN6itCcaL3Tt
4lPAZiTJbaQ4irMzcq0GOU,37i9dQZEVXbN6itCcaL3Tt
1yiGGRGdHEc1F3jF5jEVmH,37i9dQZEVXbN6itCcaL3Tt
53OQFPwyflA0jMyUjUSawr,37i9dQZEVXbN6itCcaL3Tt
5JAkf7fy1RpcHX2GdvYWG4,37i9dQZEVXbN6itCcaL3Tt
5XeFesFbtLpXzIVDNQP22n,37i9dQZEVXbN6itCcaL3Tt
0yLdNVWF3Srea0uzk55zFn,37i9dQZEVXbKyJS56d1pgi
4nrPB8O7Y7wsOCJdgXkthe,37i9dQZEVXbKyJS56d1pgi
5BGdBH8MsaHCgfr4TMpRin,37i9dQZEVXbKyJS56d1pgi
6Hio4nlyWL2WBL8nYlbuGt,37i9dQZEVXbKyJS56d1pgi
2dHHgzDwk4BJdRwy9uXhTO,37i9dQZEVXbKyJS56d1pgi
6eNRGL6Nkdg7RhJtmbcl0j,37i9dQZEVXbKyJS56d1pgi
0oKpBxCq4U5IvUZqMuVMM3,37i9dQZEVXbKyJS56d1pgi
1597vvneWf0zoQrg2D8yH6,37i9dQZEVXbKyJS56d1pgi
2tTmW7RDtMQtBk7m2rYeSw,37i9dQZEVXbKyJS56d1pgi
5ww2BF9slyYgNOk37BlC4u,37i9dQZEVXbKyJS56d1pgi
4qDT0BeJ7BjatrN9k8AvB4,37i9dQZEVXbKyJS56d1pgi
0WtM2NBVQNNJLh6scP13H8,37i9dQZEVXbKyJS56d1pgi
1Qrg8KqiBpW07V7PNxwwwL,37i9dQZEVXbKyJS56d1pgi
5KX1zLcBZ5bv8iA1odyonT,37i9dQZEVXbKyJS56d1pgi
7BELSQR2lAJLELaKvVkct3,37i9dQZEVXbKyJS56d1pgi
3hUk7wHp5Ruas0FLLVW69c,37i9dQZEVXbKyJS56d1pgi
7nFvKgVumc9FcU97zGjjei,37i9dQZEVXbKyJS56d1pgi
4Dvkj6JhhA12EX05fT7y2e,37i9dQZEVXbKyJS56d1pgi
4uUG5RXrOk84mYEfFvj3cK,37i9dQZEVXbKyJS56d1pgi
56hVdyqQWCMYfKopnVRCwQ,37i9dQZEVXbKyJS56d1pgi
2orGm2E68ODFYOURjaES62,37i9dQZEVXbKyJS56d1pgi
7jtQIBanIiJOMS6RyCx6jZ,37i9dQZEVXbKyJS56d1pgi
3zkyus0njMCL6phZmNNEeN,37i9dQZEVXbKyJS56d1pgi
1OZ4uv7OAP24Ix6j3vojLt,37i9dQZEVXbKyJS56d1pgi
4PQ5AInr4YoBauth9YPduL,37i9dQZEVXbKyJS56d1pgi
0NZPBYD5qbEWRs3PrGiRkT,37i9dQZEVXbKyJS56d1pgi
5WxVXxCMRnvxUKFq40ELwq,37i9dQZEVXbKyJS56d1pgi
0elz4WC9ZtAOzqP4fgt8T5,37i9dQZEVXbKyJS56d1pgi
2LBqCSwhJGcFQeTHMVGwy3,37i9dQZEVXbKyJS56d1pgi
1Jk03rMQGTjdkjNtCGgkPd,37i9dQZEVXbKyJS56d1pgi
3aml52yDe6ff32XOgZQ0Cb,37i9dQZEVXbKyJS56d1pgi
1Hc0zt33FVHdi4DWtUAa0s,37i9dQZEVXbKyJS56d1pgi
4mD9hjoTckjeL1CrJCx0MT,37i9dQZEVXbKyJS56d1pgi
15ERxM3x0D2HzqdhPxsbd2,37i9dQZEVXbKyJS56d1pgi
0JXXNGljqupsJaZsgSbMZV,37i9dQZEVXbKyJS56d1pgi
677ebW5G4BLaqX5Ue3itGv,37i9dQZEVXbKyJS56d1pgi
1IHWl5LamUGEuP4ozKQSXZ,37i9dQZEVXbKyJS56d1pgi
5IgjP7X4th6nMNDh4akUHb,37i9dQZEVXbKyJS56d1pgi
5fjD0vHh9XRL6b657FWe9C,37i9dQZEVXbKyJS56d1pgi
1ACALdBWViTpLBC14Ecv8E,37i9dQZEVXbKyJS56d1pgi
4h9wh7iOZ0GGn8QVp4RAOB,37i9dQZEVXbKyJS56d1pgi
5odlY52u43F5BjByhxg7wg,37i9dQZEVXbKyJS56d1pgi
2hkwwmmLC90T8BQ7t3xufq,37i9dQZEVXbKyJS56d1pgi
2m6ZDDrTvDQtKbwNFyI3r5,37i9dQZEVXbKyJS56d1pgi
53tfEupEzQRtVFOeZvk7xq,37i9dQZEVXbKyJS56d1pgi
561jH07mF1jHuk7KlaeF0s,37i9dQZEVXbKyJS56d1pgi
6zJejIfVYLgjud3lTk4DLB,37i9dQZEVXbKyJS56d1pgi
0dAZ5dCofHy6rquqU6YG29,37i9dQZEVXbKyJS56d1pgi
5vC8UAOHeG95ehRzZChniB,37i9dQZEVXbKyJS56d1pgi
2K9kZpwD2CzTa6iiSYYOoO,37i9dQZEVXbKyJS56d1pgi
172oAbLGpgeCsukno7oBRe,37i9dQZEVXbLwpL8TjsxOG
1dBroK67DSaaEE5kvkVjzG,37i9dQZEVXbLwpL8TjsxOG
3IxGmKdOkv7tgMCzyKF2Xm,37i9dQZEVXbLwpL8TjsxOG
11IqNbLOD4s4nVYSuEttFR,37i9dQZEVXbLwpL8TjsxOG
3mVO7XaN9ULGNuXteiCOz3,37i9dQZEVXbLwpL8TjsxOG
4umaD9GJDZMihD9mal7vd1,37i9dQZEVXbLwpL8TjsxOG
3b4dQtIVyVhQdbYVfrik0k,37i9dQZEVXbLwpL8TjsxOG
2E5X5HbBHBUeo2juTSgTMX,37i9dQZEVXbLwpL8TjsxOG
3x2hKSUf8O8IqI1shmxGnp,37i9dQZEVXbLwpL8TjsxOG
48yFnEAkBdOmqvhZ6NaR4U,37i9dQZEVXbLwpL8TjsxOG
3r8RuvgbX9s7ammBn07D3W,37i9dQZEVXbLwpL8TjsxOG
5L3pDOYct21zjioooK0IqX,37i9dQZEVXbLwpL8TjsxOG
2vJreatDgwtXWKpkqpPUZ3,37i9dQZEVXbLwpL8TjsxOG
1ZrnCyms7CBYsCvkkVIkt8,37i9dQZEVXbLwpL8TjsxOG
65FftemJ1DbbZ45DUfHJXE,37i9dQZEVXbLwpL8TjsxOG
6flgMTTqhbJSNryAPCYcvA,37i9dQZEVXbLwpL8TjsxOG
0yLdNVWF3Srea0uzk55zFn,37i9dQZEVXbLwpL8TjsxOG
433FK3gktWwmjkAPMSqVNO,37i9dQZEVXbLwpL8TjsxOG
2rbbJ2xZFJa2DriR5h0TBS,37i9dQZEVXbLwpL8TjsxOG
5awK4mHW8B2bCuX8G0Grvb,37i9dQZEVXbLwpL8TjsxOG
62ZpTeNkawwXCr7tNtF8Zz,37i9dQZEVXbLwpL8TjsxOG
2P5Eeh29qJrYa1T27cdL3B,37i9dQZEVXbLwpL8TjsxOG
4pnqbvjkdoIKUzmfr1bUho,37i9dQZEVXbLwpL8TjsxOG
1Qrg8KqiBpW07V7PNxwwwL,37i9dQZEVXbLwpL8TjsxOG
1jPDZpQoMwgmP3CzmIiTxB,37i9dQZEVXbLwpL8TjsxOG
0a4MMyCrzT0En247IhqZbD,37i9dQZEVXbLwpL8TjsxOG
1Bnmeza32UZ1frQTxGexnt,37i9dQZEVXbLwpL8TjsxOG
0Rhz56u8K6hjzxNCGkJjhi,37i9dQZEVXbLwpL8TjsxOG
2pFkBa11TZLwI4t4uzIWdi,37i9dQZEVXbLwpL8TjsxOG
1eId3TVzGrwv73YAWAVQMX,37i9dQZEVXbLwpL8TjsxOG
7o4T6JqF9oakRouiBexoiT,37i9dQZEVXbLwpL8TjsxOG
7xE3HkKaZFhtzrt2FiwNOd,37i9dQZEVXbLwpL8TjsxOG
5AnD1Tmu5hKPeHGyxGq6LJ,37i9dQZEVXbLwpL8TjsxOG
1Pt5syTlJvn3FOqAET84WF,37i9dQZEVXbLwpL8TjsxOG
40NvsEFexANIROSnKIMYXB,37i9dQZEVXbLwpL8TjsxOG
39HrUxcvKF3jtLz7fUDWXc,37i9dQZEVXbLwpL8TjsxOG
6rLZknU66zYG9Q2NI4fCYl,37i9dQZEVXbLwpL8TjsxOG
0PNlAxz1G2WLTC8WRMxUmg,37i9dQZEVXbLwpL8TjsxOG
5w3SN2UjZRuuvPLAisQuaC,37i9dQZEVXbLwpL8TjsxOG
7wDHnKKyw7GSw9ihEHTXm3,37i9dQZEVXbLwpL8TjsxOG
1rTnGbIahUmq6fK8RWAXfd,37i9dQZEVXbLwpL8TjsxOG
0rhI6gvOeCKA502RdJAbfs,37i9dQZEVXbLwpL8TjsxOG
7gRFDGEzF9UkBV233yv2dc,37i9dQZEVXbLwpL8TjsxOG
5zwwW9Oq7ubSxoCGyW1nbY,37i9dQZEVXbLwpL8TjsxOG
4ckh5VN2HYQ8TzS51Nh7ol,37i9dQZEVXbLwpL8TjsxOG
61AZsmFB3VoJdmraMk5ZSn,37i9dQZEVXbLwpL8TjsxOG
4knMu3Cbg277Di6oEkpeRA,37i9dQZEVXbLwpL8TjsxOG
1WzMnzTmdWbJZ3OhizMtbX,37i9dQZEVXbLwpL8TjsxOG
07hNtsHI2yS6a4sblgPyp0,37i9dQZEVXbLwpL8TjsxOG
38DlSDrx9tgc5Gfq6y3aBa,37i9dQZEVXbLwpL8TjsxOG
1Qrg8KqiBpW07V7PNxwwwL,37i9dQZEVXbJlfUljuZExa
0yLdNVWF3Srea0uzk55zFn,37i9dQZEVXbJlfUljuZExa
3r8RuvgbX9s7ammBn07D3W,37i9dQZEVXbJlfUljuZExa
65FftemJ1DbbZ45DUfHJXE,37i9dQZEVXbJlfUljuZExa
78Sw5GDo6AlGwTwanjXbGh,37i9dQZEVXbJlfUljuZExa
5odlY52u43F5BjByhxg7wg,37i9dQZEVXbJlfUljuZExa
2dHHgzDwk4BJdRwy9uXhTO,37i9dQZEVXbJlfUljuZExa
3i0h88q1HBtbdIg2bPxs54,37i9dQZEVXbJlfUljuZExa
4iZ4pt7kvcaH6Yo8UoZ4s2,37i9dQZEVXbJlfUljuZExa
5WxVXxCMRnvxUKFq40ELwq,37i9dQZEVXbJlfUljuZExa
3w75Uvn1cojNlBhQoxpVP3,37i9dQZEVXbJlfUljuZExa
4z6FksNI6MLCDTHrNJXhO0,37i9dQZEVXbJlfUljuZExa
0a4MMyCrzT0En247IhqZbD,37i9dQZEVXbJlfUljuZExa
0o9zmvc5f3EFApU52PPIyW,37i9dQZEVXbJlfUljuZExa
2LBqCSwhJGcFQeTHMVGwy3,37i9dQZEVXbJlfUljuZExa
50x1Ic8CaXkYNvjmxe3WXy,37i9dQZEVXbJlfUljuZExa
5Y35SjAfXjjG0sFQ3KOxmm,37i9dQZEVXbJlfUljuZExa
4ewazQLXFTDC8XvCbhvtXs,37i9dQZEVXbJlfUljuZExa
6dgUya35uo964z7GZXM07g,37i9dQZEVXbJlfUljuZExa
0V3wPSX9ygBnCm8psDIegu,37i9dQZEVXbJlfUljuZExa
61AZsmFB3VoJdmraMk5ZSn,37i9dQZEVXbJlfUljuZExa
4Dvkj6JhhA12EX05fT7y2e,37i9dQZEVXbJlfUljuZExa
6Iq3sgLVrqqZfRitLaeHkn,37i9dQZEVXbJlfUljuZExa
0WtM2NBVQNNJLh6scP13H8,37i9dQZEVXbJlfUljuZExa
26hOm7dTtBi0TdpDGl141t,37i9dQZEVXbJlfUljuZExa
1xK59OXxi2TAAAbmZK0kBL,37i9dQZEVXbJlfUljuZExa
1b0aDgrG775i4sPQgJGmkU,37i9dQZEVXbJlfUljuZExa
08MFgEQeVLF37EyZ7jcwLc,37i9dQZEVXbJlfUljuZExa
38DlSDrx9tgc5Gfq6y3aBa,37i9dQZEVXbJlfUljuZExa
0QHEIqNKsMoOY5urbzN48u,37i9dQZEVXbJlfUljuZExa
3AVrVz5rK8Hrqo9YGiVGN5,37i9dQZEVXbJlfUljuZExa
0QzuaeCEEOV40Pn7IvKEny,37i9dQZEVXbJlfUljuZExa
0NZPBYD5qbEWRs3PrGiRkT,37i9dQZEVXbJlfUljuZExa
0rhI6gvOeCKA502RdJAbfs,37i9dQZEVXbJlfUljuZExa
1Y3LN4zO1Edc2EluIoSPJN,37i9dQZEVXbJlfUljuZExa
4fsQ0K37TOXa3hEQfjEic1,37i9dQZEVXbJlfUljuZExa
6gNG7O2IlMYUXAcCDwQrPT,37i9dQZEVXbJlfUljuZExa
2eAvDnpXP5W0cVtiI0PUxV,37i9dQZEVXbJlfUljuZExa
7gRFDGEzF9UkBV233yv2dc,37i9dQZEVXbJlfUljuZExa
5XeFesFbtLpXzIVDNQP22n,37i9dQZEVXbJlfUljuZExa
5Odq8ohlgIbQKMZivbWkEo,37i9dQZEVXbJlfUljuZExa
2GAhgAjOhEmItWLfgisyOn,37i9dQZEVXbJlfUljuZExa
4h9wh7iOZ0GGn8QVp4RAOB,37i9dQZEVXbJlfUljuZExa
2pIUpMhHL6L9Z5lnKxJJr9,37i9dQZEVXbJlfUljuZExa
6VhuP99TE6gYNQRJIlAWFD,37i9dQZEVXbJlfUljuZExa
6I3mqTwhRpn34SLVafSH7G,37i9dQZEVXbJlfUljuZExa
5IgjP7X4th6nMNDh4akUHb,37i9dQZEVXbJlfUljuZExa
3W4U7TEgILGpq0EmquurtH,37i9dQZEVXbJlfUljuZExa
2m6Ko3CY1qXNNja8AlugNc,37i9dQZEVXbJlfUljuZExa
5zwwW9Oq7ubSxoCGyW1nbY,37i9dQZEVXbJlfUljuZExa
65FftemJ1DbbZ45DUfHJXE,37i9dQZEVXbK4gjvS1FjPY
0yLdNVWF3Srea0uzk55zFn,37i9dQZEVXbK4gjvS1FjPY
3r8RuvgbX9s7ammBn07D3W,37i9dQZEVXbK4gjvS1FjPY
1Qrg8KqiBpW07V7PNxwwwL,37i9dQZEVXbK4gjvS1FjPY
0a4MMyCrzT0En247IhqZbD,37i9dQZEVXbK4gjvS1FjPY
78Sw5GDo6AlGwTwanjXbGh,37i9dQZEVXbK4gjvS1FjPY
5odlY52u43F5BjByhxg7wg,37i9dQZEVXbK4gjvS1FjPY
2dHHgzDwk4BJdRwy9uXhTO,37i9dQZEVXbK4gjvS1FjPY
6dgUya35uo964z7GZXM07g,37i9dQZEVXbK4gjvS1FjPY
0V3wPSX9ygBnCm8psDIegu,37i9dQZEVXbK4gjvS1FjPY
4iZ4pt7kvcaH6Yo8UoZ4s2,37i9dQZEVXbK4gjvS1FjPY
4fsQ0K37TOXa3hEQfjEic1,37i9dQZEVXbK4gjvS1FjPY
61AZsmFB3VoJdmraMk5ZSn,37i9dQZEVXbK4gjvS1FjPY
0rhI6gvOeCKA502RdJAbfs,37i9dQZEVXbK4gjvS1FjPY
4Dvkj6JhhA12EX05fT7y2e,37i9dQZEVXbK4gjvS1FjPY
5WxVXxCMRnvxUKFq40ELwq,37i9dQZEVXbK4gjvS1FjPY
38DlSDrx9tgc5Gfq6y3aBa,37i9dQZEVXbK4gjvS1FjPY
0QHEIqNKsMoOY5urbzN48u,37i9dQZEVXbK4gjvS1FjPY
0o9zmvc5f3EFApU52PPIyW,37i9dQZEVXbK4gjvS1FjPY
2pIUpMhHL6L9Z5lnKxJJr9,37i9dQZEVXbK4gjvS1FjPY
0NZPBYD5qbEWRs3PrGiRkT,37i9dQZEVXbK4gjvS1FjPY
0WtM2NBVQNNJLh6scP13H8,37i9dQZEVXbK4gjvS1FjPY
4h9wh7iOZ0GGn8QVp4RAOB,37i9dQZEVXbK4gjvS1FjPY
4uUG5RXrOk84mYEfFvj3cK,37i9dQZEVXbK4gjvS1FjPY
2LBqCSwhJGcFQeTHMVGwy3,37i9dQZEVXbK4gjvS1FjPY
72OVnXDzugvrCU25lMi9au,37i9dQZEVXbK4gjvS1FjPY
4ewazQLXFTDC8XvCbhvtXs,37i9dQZEVXbK4gjvS1FjPY
1IVj6CsBbTgOEpo0W6hgwN,37i9dQZEVXbK4gjvS1FjPY
6I3mqTwhRpn34SLVafSH7G,37i9dQZEVXbK4gjvS1FjPY
567e29TDzLwZwfDuEpGTwo,37i9dQZEVXbK4gjvS1FjPY
5Y35SjAfXjjG0sFQ3KOxmm,37i9dQZEVXbK4gjvS1FjPY
2gYj9lubBorOPIVWsTXugG,37i9dQZEVXbK4gjvS1FjPY
5Odq8ohlgIbQKMZivbWkEo,37i9dQZEVXbK4gjvS1FjPY
7gRFDGEzF9UkBV233yv2dc,37i9dQZEVXbK4gjvS1FjPY
2DwUdMJ5uxv20EhAildreg,37i9dQZEVXbK4gjvS1FjPY
26hOm7dTtBi0TdpDGl141t,37i9dQZEVXbK4gjvS1FjPY
3azJifCSqg9fRij2yKIbWz,37i9dQZEVXbK4gjvS1FjPY
5zwwW9Oq7ubSxoCGyW1nbY,37i9dQZEVXbK4gjvS1FjPY
1Y3LN4zO1Edc2EluIoSPJN,37i9dQZEVXbK4gjvS1FjPY
1xK59OXxi2TAAAbmZK0kBL,37i9dQZEVXbK4gjvS1FjPY
0JXXNGljqupsJaZsgSbMZV,37i9dQZEVXbK4gjvS1FjPY
2GAhgAjOhEmItWLfgisyOn,37i9dQZEVXbK4gjvS1FjPY
6XBL9naPxZjATbmGAWGJ9V,37i9dQZEVXbK4gjvS1FjPY
2eAvDnpXP5W0cVtiI0PUxV,37i9dQZEVXbK4gjvS1FjPY
4h4QlmocP3IuwYEj2j14p8,37i9dQZEVXbK4gjvS1FjPY
3RKjTYlQrtLXCq5ncswBPp,37i9dQZEVXbK4gjvS1FjPY
50x1Ic8CaXkYNvjmxe3WXy,37i9dQZEVXbK4gjvS1FjPY
0QzuaeCEEOV40Pn7IvKEny,37i9dQZEVXbK4gjvS1FjPY
6VhuP99TE6gYNQRJIlAWFD,37i9dQZEVXbK4gjvS1FjPY
1fDFHXcykq4iw8Gg7s5hG9,37i9dQZEVXbK4gjvS1FjPY
0yLdNVWF3Srea0uzk55zFn,37i9dQZEVXbLesry2Qw2xS
1Qrg8KqiBpW07V7PNxwwwL,37i9dQZEVXbLesry2Qw2xS
2dHHgzDwk4BJdRwy9uXhTO,37i9dQZEVXbLesry2Qw2xS
63YH4W1jfTXbuS9LNSCTXB,37i9dQZEVXbLesry2Qw2xS
41XLcwECxYj7tokaF2a7sA,37i9dQZEVXbLesry2Qw2xS
73vIOb4Q7YN6HeJTbscRx5,37i9dQZEVXbLesry2Qw2xS
4uUG5RXrOk84mYEfFvj3cK,37i9dQZEVXbLesry2Qw2xS
3RKjTYlQrtLXCq5ncswBPp,37i9dQZEVXbLesry2Qw2xS
5WxVXxCMRnvxUKFq40ELwq,37i9dQZEVXbLesry2Qw2xS
1N8TTK1Uoy7UvQNUazfUt5,37i9dQZEVXbLesry2Qw2xS
4g22x3fIQVUlY39ICUBB7Z,37i9dQZEVXbLesry2Qw2xS
0NZPBYD5qbEWRs3PrGiRkT,37i9dQZEVXbLesry2Qw2xS
1k2SmfxevBCq4Gti0LhDfT,37i9dQZEVXbLesry2Qw2xS
44Xyja7xYPlVC6v2CeweSi,37i9dQZEVXbLesry2Qw2xS
1bDbXMyjaUIooNwFE9wn0N,37i9dQZEVXbLesry2Qw2xS
7jtQIBanIiJOMS6RyCx6jZ,37i9dQZEVXbLesry2Qw2xS
2ksyzVfU0WJoBpu8otr4pz,37i9dQZEVXbLesry2Qw2xS
4nrPB8O7Y7wsOCJdgXkthe,37i9dQZEVXbLesry2Qw2xS
0V3wPSX9ygBnCm8psDIegu,37i9dQZEVXbLesry2Qw2xS
561jH07mF1jHuk7KlaeF0s,37i9dQZEVXbLesry2Qw2xS
1Oiw6x4fhsCEuh4CMaa8kc,37i9dQZEVXbLesry2Qw2xS
4FyesJzVpA39hbYvcseO2d,37i9dQZEVXbLesry2Qw2xS
4Dvkj6JhhA12EX05fT7y2e,37i9dQZEVXbLesry2Qw2xS
6qyS9qBy0mEk3qYaH8mPss,37i9dQZEVXbLesry2Qw2xS
6b37xrsNCWYIUphFBazqD6,37i9dQZEVXbLesry2Qw2xS
6BePGk3eCan4FqaW2X8Qy3,37i9dQZEVXbLesry2Qw2xS
7exHT4swWOKL5addPeqkLP,37i9dQZEVXbLesry2Qw2xS
6yWAlfKGH5AMHlxT4ZtCVg,37i9dQZEVXbLesry2Qw2xS
4h9wh7iOZ0GGn8QVp4RAOB,37i9dQZEVXbLesry2Qw2xS
7IK25tcCFFqkU08EbTRxsc,37i9dQZEVXbLesry2Qw2xS
1xK59OXxi2TAAAbmZK0kBL,37i9dQZEVXbLesry2Qw2xS
1LIvdWNdKmHvU0FJvw2diN,37i9dQZEVXbLesry2Qw2xS
7MXVkk9YMctZqd1Srtv4MB,37i9dQZEVXbLesry2Qw2xS
2QjOHCTQ1Jl3zawyYOpxh6,37i9dQZEVXbLesry2Qw2xS
3Oww84xrmgjyr5J1ilOmAf,37i9dQZEVXbLesry2Qw2xS
0JXXNGljqupsJaZsgSbMZV,37i9dQZEVXbLesry2Qw2xS
3azJifCSqg9fRij2yKIbWz,37i9dQZEVXbLesry2Qw2xS
0WtM2NBVQNNJLh6scP13H8,37i9dQZEVXbLesry2Qw2xS
2KReCz1L5XkGIBhDncQ5VZ,37i9dQZEVXbLesry2Qw2xS
6YS0bPEionrniTERIcCXP7,37i9dQZEVXbLesry2Qw2xS
5FkJHVudUByVjanCqFXRql,37i9dQZEVXbLesry2Qw2xS
5TXDeTFVRVY7Cvt0Dw4vWW,37i9dQZEVXbLesry2Qw2xS
5odlY52u43F5BjByhxg7wg,37i9dQZEVXbLesry2Qw2xS
4sx6NRwL6Ol3V6m9exwGlQ,37i9dQZEVXbLesry2Qw2xS
6Ox1rvlwEpB49drasQm6RF,37i9dQZEVXbLesry2Qw2xS
2LBqCSwhJGcFQeTHMVGwy3,37i9dQZEVXbLesry2Qw2xS
3rb0tMq42WfggucPm0HHkA,37i9dQZEVXbLesry2Qw2xS
0zKbDrEXKpnExhGQRe9dxt,37i9dQZEVXbLesry2Qw2xS
5XeFesFbtLpXzIVDNQP22n,37i9dQZEVXbLesry2Qw2xS
0vjeOZ3Ft5jvAi9SBFJm1j,37i9dQZEVXbLesry2Qw2xS
0yLdNVWF3Srea0uzk55zFn,37i9dQZEVXbKMzVsSGQ49S
1Qrg8KqiBpW07V7PNxwwwL,37i9dQZEVXbKMzVsSGQ49S
2dHHgzDwk4BJdRwy9uXhTO,37i9dQZEVXbKMzVsSGQ49S
3ovhC4v5a73S0afcOHhnu2,37i9dQZEVXbKMzVsSGQ49S
5WxVXxCMRnvxUKFq40ELwq,37i9dQZEVXbKMzVsSGQ49S
1l2AHO7bb47QGFKJmXhXMz,37i9dQZEVXbKMzVsSGQ49S
0Xh9sOCT7ZvmKg8KthRYnH,37i9dQZEVXbKMzVsSGQ49S
5myQVDBhZvE7DIvsQICuKn,37i9dQZEVXbKMzVsSGQ49S
5faV3B9PfIOabLD8PPUAxo,37i9dQZEVXbKMzVsSGQ49S
1MWg9aH6OhteqF1RXR3J5w,37i9dQZEVXbKMzVsSGQ49S
0RT86wBrufYQZSdN852Wjn,37i9dQZEVXbKMzVsSGQ49S
5pn6OskYybJrrqcdlNpBvk,37i9dQZEVXbKMzVsSGQ49S
4uUG5RXrOk84mYEfFvj3cK,37i9dQZEVXbKMzVsSGQ49S
7nzeIh8kUdieUBLPXch9wi,37i9dQZEVXbKMzVsSGQ49S
1ZzSy8HeLFZAeuQi577bhB,37i9dQZEVXbKMzVsSGQ49S
2q2cdTPrbgWSxLFFXjjaoO,37i9dQZEVXbKMzVsSGQ49S
1sgn8wmK2kuJrF9ppsnH2F,37i9dQZEVXbKMzVsSGQ49S
51J0zLsmKb265vmylOJGMr,37i9dQZEVXbKMzVsSGQ49S
5TBNZCGMR1NJtJrrg606m0,37i9dQZEVXbKMzVsSGQ49S
0JXXNGljqupsJaZsgSbMZV,37i9dQZEVXbKMzVsSGQ49S
6Vd8hxisvvbtZloYVH5kAo,37i9dQZEVXbKMzVsSGQ49S
6sCvvleqKbeyOkQDieBYgp,37i9dQZEVXbKMzVsSGQ49S
0NZPBYD5qbEWRs3PrGiRkT,37i9dQZEVXbKMzVsSGQ49S
3LP5YM7IMwmffWXPE1VBf1,37i9dQZEVXbKMzVsSGQ49S
6xsUlQIjfduRdQt88yekZ5,37i9dQZEVXbKMzVsSGQ49S
0QHEIqNKsMoOY5urbzN48u,37i9dQZEVXbKMzVsSGQ49S
4Dvkj6JhhA12EX05fT7y2e,37i9dQZEVXbKMzVsSGQ49S
1bDbXMyjaUIooNwFE9wn0N,37i9dQZEVXbKMzVsSGQ49S
0vjeOZ3Ft5jvAi9SBFJm1j,37i9dQZEVXbKMzVsSGQ49S
38KOnmdRLQrizMIFHIwuOA,37i9dQZEVXbKMzVsSGQ49S
7jtQIBanIiJOMS6RyCx6jZ,37i9dQZEVXbKMzVsSGQ49S
3azJifCSqg9fRij2yKIbWz,37i9dQZEVXbKMzVsSGQ49S
2LBqCSwhJGcFQeTHMVGwy3,37i9dQZEVXbKMzVsSGQ49S
4FyesJzVpA39hbYvcseO2d,37i9dQZEVXbKMzVsSGQ49S
4nrPB8O7Y7wsOCJdgXkthe,37i9dQZEVXbKMzVsSGQ49S
7MY4Gg2ORLB8UjpDWgQmj4,37i9dQZEVXbKMzVsSGQ49S
2Hh3ETdQKrmSI3QS0hme7g,37i9dQZEVXbKMzVsSGQ49S
3RKjTYlQrtLXCq5ncswBPp,37i9dQZEVXbKMzVsSGQ49S
4sx6NRwL6Ol3V6m9exwGlQ,37i9dQZEVXbKMzVsSGQ49S
561jH07mF1jHuk7KlaeF0s,37i9dQZEVXbKMzVsSGQ49S
3zkyus0njMCL6phZmNNEeN,37i9dQZEVXbKMzVsSGQ49S
73vIOb4Q7YN6HeJTbscRx5,37i9dQZEVXbKMzVsSGQ49S
0B7wvvmu9EISAwZnOpjhNI,37i9dQZEVXbKMzVsSGQ49S
0V3wPSX9ygBnCm8psDIegu,37i9dQZEVXbKMzVsSGQ49S
4WuOWVnAqvEQxgSRrspBgt,37i9dQZEVXbKMzVsSGQ49S
6UN73IYd0hZxLi8wFPMQij,37i9dQZEVXbKMzVsSGQ49S
21qZMim0NXV3k5SaLxLWeX,37i9dQZEVXbKMzVsSGQ49S
4h9wh7iOZ0GGn8QVp4RAOB,37i9dQZEVXbKMzVsSGQ49S
6BePGk3eCan4FqaW2X8Qy3,37i9dQZEVXbKMzVsSGQ49S
1Y3LN4zO1Edc2EluIoSPJN,37i9dQZEVXbKMzVsSGQ49S
0yLdNVWF3Srea0uzk55zFn,37i9dQZEVXbMx56Rdq5lwc
6daToaVPOx55J5gGLgy7B0,37i9dQZEVXbMx56Rdq5lwc
1Qrg8KqiBpW07V7PNxwwwL,37i9dQZEVXbMx56Rdq5lwc
2dHHgzDwk4BJdRwy9uXhTO,37i9dQZEVXbMx56Rdq5lwc
6RmV54gl0nByycqhTajiiZ,37i9dQZEVXbMx56Rdq5lwc
149qQkZez6yujONJspKw7U,37i9dQZEVXbMx56Rdq5lwc
4SA3hKVvIbnDWjwH1Hnp1C,37i9dQZEVXbMx56Rdq5lwc
5WxVXxCMRnvxUKFq40ELwq,37i9dQZEVXbMx56Rdq5lwc
39kSk40grKRucDyfLx4Cjf,37i9dQZEVXbMx56Rdq5lwc
1N8TTK1Uoy7UvQNUazfUt5,37i9dQZEVXbMx56Rdq5lwc
4Dvkj6JhhA12EX05fT7y2e,37i9dQZEVXbMx56Rdq5lwc
44Xyja7xYPlVC6v2CeweSi,37i9dQZEVXbMx56Rdq5lwc
4uUG5RXrOk84mYEfFvj3cK,37i9dQZEVXbMx56Rdq5lwc
73vIOb4Q7YN6HeJTbscRx5,37i9dQZEVXbMx56Rdq5lwc
0JXXNGljqupsJaZsgSbMZV,37i9dQZEVXbMx56Rdq5lwc
5QiBpME5iV2DdLHggosCta,37i9dQZEVXbMx56Rdq5lwc
3RKjTYlQrtLXCq5ncswBPp,37i9dQZEVXbMx56Rdq5lwc
0NZPBYD5qbEWRs3PrGiRkT,37i9dQZEVXbMx56Rdq5lwc
12X9GMNhoP6tSj5ai0Kujw,37i9dQZEVXbMx56Rdq5lwc
4nrPB8O7Y7wsOCJdgXkthe,37i9dQZEVXbMx56Rdq5lwc
6BePGk3eCan4FqaW2X8Qy3,37i9dQZEVXbMx56Rdq5lwc
2JtsIAfAu4PFyjlk17Hg3M,37i9dQZEVXbMx56Rdq5lwc
2psbE7Ds01Xz2MaMIk7APk,37i9dQZEVXbMx56Rdq5lwc
4QHRKu6scoEilEvLnHYOnz,37i9dQZEVXbMx56Rdq5lwc
1bDbXMyjaUIooNwFE9wn0N,37i9dQZEVXbMx56Rdq5lwc
2ksyzVfU0WJoBpu8otr4pz,37i9dQZEVXbMx56Rdq5lwc
3azJifCSqg9fRij2yKIbWz,37i9dQZEVXbMx56Rdq5lwc
4h9wh7iOZ0GGn8QVp4RAOB,37i9dQZEVXbMx56Rdq5lwc
4FyesJzVpA39hbYvcseO2d,37i9dQZEVXbMx56Rdq5lwc
6qyS9qBy0mEk3qYaH8mPss,37i9dQZEVXbMx56Rdq5lwc
6KOhOLjSsbv3bggefGCLLm,37i9dQZEVXbMx56Rdq5lwc
2KReCz1L5XkGIBhDncQ5VZ,37i9dQZEVXbMx56Rdq5lwc
5XeFesFbtLpXzIVDNQP22n,37i9dQZEVXbMx56Rdq5lwc
3hxIUxnT27p5WcmjGUXNwx,37i9dQZEVXbMx56Rdq5lwc
3rb0tMq42WfggucPm0HHkA,37i9dQZEVXbMx56Rdq5lwc
2QjOHCTQ1Jl3zawyYOpxh6,37i9dQZEVXbMx56Rdq5lwc
6b37xrsNCWYIUphFBazqD6,37i9dQZEVXbMx56Rdq5lwc
561jH07mF1jHuk7KlaeF0s,37i9dQZEVXbMx56Rdq5lwc
7exHT4swWOKL5addPeqkLP,37i9dQZEVXbMx56Rdq5lwc
0V3wPSX9ygBnCm8psDIegu,37i9dQZEVXbMx56Rdq5lwc
0WtM2NBVQNNJLh6scP13H8,37i9dQZEVXbMx56Rdq5lwc
21QCQXnmSTApn8Tu9a2HO5,37i9dQZEVXbMx56Rdq5lwc
3i0FkJYlU4MFfYkjFHXXAM,37i9dQZEVXbMx56Rdq5lwc
7jtQIBanIiJOMS6RyCx6jZ,37i9dQZEVXbMx56Rdq5lwc
1xK59OXxi2TAAAbmZK0kBL,37i9dQZEVXbMx56Rdq5lwc
7DbdUf8aHSYoliSjO6LZv6,37i9dQZEVXbMx56Rdq5lwc
11BKm0j4eYoCPPpCONAVwA,37i9dQZEVXbMx56Rdq5lwc
1xzi1Jcr7mEi9K2RfzLOqS,37i9dQZEVXbMx56Rdq5lwc
5odlY52u43F5BjByhxg7wg,37i9dQZEVXbMx56Rdq5lwc
3AVrVz5rK8Hrqo9YGiVGN5,37i9dQZEVXbMx56Rdq5lwc
0yLdNVWF3Srea0uzk55zFn,37i9dQZEVXbJWuzDrTxbKS
1Qrg8KqiBpW07V7PNxwwwL,37i9dQZEVXbJWuzDrTxbKS
2dHHgzDwk4BJdRwy9uXhTO,37i9dQZEVXbJWuzDrTxbKS
4g22x3fIQVUlY39ICUBB7Z,37i9dQZEVXbJWuzDrTxbKS
4uUG5RXrOk84mYEfFvj3cK,37i9dQZEVXbJWuzDrTxbKS
4PGzoH4hL1vORGOTxHdWjB,37i9dQZEVXbJWuzDrTxbKS
1N8TTK1Uoy7UvQNUazfUt5,37i9dQZEVXbJWuzDrTxbKS
5WxVXxCMRnvxUKFq40ELwq,37i9dQZEVXbJWuzDrTxbKS
3RKjTYlQrtLXCq5ncswBPp,37i9dQZEVXbJWuzDrTxbKS
0NZPBYD5qbEWRs3PrGiRkT,37i9dQZEVXbJWuzDrTxbKS
4Dvkj6JhhA12EX05fT7y2e,37i9dQZEVXbJWuzDrTxbKS
4FyesJzVpA39hbYvcseO2d,37i9dQZEVXbJWuzDrTxbKS
0JXXNGljqupsJaZsgSbMZV,37i9dQZEVXbJWuzDrTxbKS
73vIOb4Q7YN6HeJTbscRx5,37i9dQZEVXbJWuzDrTxbKS
1bDbXMyjaUIooNwFE9wn0N,37i9dQZEVXbJWuzDrTxbKS
561jH07mF1jHuk7KlaeF0s,37i9dQZEVXbJWuzDrTxbKS
2QjOHCTQ1Jl3zawyYOpxh6,37i9dQZEVXbJWuzDrTxbKS
4h9wh7iOZ0GGn8QVp4RAOB,37i9dQZEVXbJWuzDrTxbKS
7jtQIBanIiJOMS6RyCx6jZ,37i9dQZEVXbJWuzDrTxbKS
2ksyzVfU0WJoBpu8otr4pz,37i9dQZEVXbJWuzDrTxbKS
0R848ny5sEpVuR1tMXZNFr,37i9dQZEVXbJWuzDrTxbKS
68Dni7IE4VyPkTOH9mRWHr,37i9dQZEVXbJWuzDrTxbKS
6qyS9qBy0mEk3qYaH8mPss,37i9dQZEVXbJWuzDrTxbKS
5XeFesFbtLpXzIVDNQP22n,37i9dQZEVXbJWuzDrTxbKS
1xK59OXxi2TAAAbmZK0kBL,37i9dQZEVXbJWuzDrTxbKS
6BePGk3eCan4FqaW2X8Qy3,37i9dQZEVXbJWuzDrTxbKS
7DbdUf8aHSYoliSjO6LZv6,37i9dQZEVXbJWuzDrTxbKS
5odlY52u43F5BjByhxg7wg,37i9dQZEVXbJWuzDrTxbKS
7MXVkk9YMctZqd1Srtv4MB,37i9dQZEVXbJWuzDrTxbKS
3azJifCSqg9fRij2yKIbWz,37i9dQZEVXbJWuzDrTxbKS
0V3wPSX9ygBnCm8psDIegu,37i9dQZEVXbJWuzDrTxbKS
5TXDeTFVRVY7Cvt0Dw4vWW,37i9dQZEVXbJWuzDrTxbKS
4nrPB8O7Y7wsOCJdgXkthe,37i9dQZEVXbJWuzDrTxbKS
0vjeOZ3Ft5jvAi9SBFJm1j,37i9dQZEVXbJWuzDrTxbKS
3rb0tMq42WfggucPm0HHkA,37i9dQZEVXbJWuzDrTxbKS
0WtM2NBVQNNJLh6scP13H8,37i9dQZEVXbJWuzDrTxbKS
54ipXppHLA8U4yqpOFTUhr,37i9dQZEVXbJWuzDrTxbKS
44Xyja7xYPlVC6v2CeweSi,37i9dQZEVXbJWuzDrTxbKS
5FkJHVudUByVjanCqFXRql,37i9dQZEVXbJWuzDrTxbKS
3hxIUxnT27p5WcmjGUXNwx,37i9dQZEVXbJWuzDrTxbKS
11BKm0j4eYoCPPpCONAVwA,37i9dQZEVXbJWuzDrTxbKS
2LBqCSwhJGcFQeTHMVGwy3,37i9dQZEVXbJWuzDrTxbKS
6Ox1rvlwEpB49drasQm6RF,37i9dQZEVXbJWuzDrTxbKS
3AVrVz5rK8Hrqo9YGiVGN5,37i9dQZEVXbJWuzDrTxbKS
3i0FkJYlU4MFfYkjFHXXAM,37i9dQZEVXbJWuzDrTxbKS
78Sw5GDo6AlGwTwanjXbGh,37i9dQZEVXbJWuzDrTxbKS
4k6Uh1HXdhtusDW5y8Gbvy,37i9dQZEVXbJWuzDrTxbKS
02MWAaffLxlfxAUY7c5dvx,37i9dQZEVXbJWuzDrTxbKS
4sx6NRwL6Ol3V6m9exwGlQ,37i9dQZEVXbJWuzDrTxbKS
1cKHdTo9u0ZymJdPGSh6nq,37i9dQZEVXbJWuzDrTxbKS
4nrPB8O7Y7wsOCJdgXkthe,37i9dQZEVXbO3qyFxbkOE1
1lRtH4FszTrwwlK5gTSbXO,37i9dQZEVXbO3qyFxbkOE1
2mpoNBkngUEwnaKoBhZ0vl,37i9dQZEVXbO3qyFxbkOE1
6TBzRwnX2oYd8aOrOuyK1p,37i9dQZEVXbO3qyFxbkOE1
0yLdNVWF3Srea0uzk55zFn,37i9dQZEVXbO3qyFxbkOE1
0IKeDy5bT9G0bA7ZixRT4A,37i9dQZEVXbO3qyFxbkOE1
6Um358vY92UBv5DloTRX9L,37i9dQZEVXbO3qyFxbkOE1
5ww2BF9slyYgNOk37BlC4u,37i9dQZEVXbO3qyFxbkOE1
2mnXxnrX5vCGolNkaFvVeM,37i9dQZEVXbO3qyFxbkOE1
4H6o1bxKRGzmsE0vzo968m,37i9dQZEVXbO3qyFxbkOE1
0UbesRsX2TtiCeamOIVEkp,37i9dQZEVXbO3qyFxbkOE1
46FdwGMcgz6gik4RCpWBAW,37i9dQZEVXbO3qyFxbkOE1
4ygQ5wSuzzNRevVjup1qV2,37i9dQZEVXbO3qyFxbkOE1
2VzCjpKvPB1l1tqLndtAQa,37i9dQZEVXbO3qyFxbkOE1
23Lyy7ZXRvzfgH4JtDkKrX,37i9dQZEVXbO3qyFxbkOE1
1zsPaEkglFvxjAhrM8yhpr,37i9dQZEVXbO3qyFxbkOE1
2tTmW7RDtMQtBk7m2rYeSw,37i9dQZEVXbO3qyFxbkOE1
4w273WCBXwM4P3jTX5HkB2,37i9dQZEVXbO3qyFxbkOE1
4FAKtPVycI4DxoOHC01YqD,37i9dQZEVXbO3qyFxbkOE1
1Fuc3pBiPFxAeSJoO8tDh5,37i9dQZEVXbO3qyFxbkOE1
1ULnQ2yn5LeQX4LrROm1RD,37i9dQZEVXbO3qyFxbkOE1
6Sq7ltF9Qa7SNFBsV5Cogx,37i9dQZEVXbO3qyFxbkOE1
3XfUFGzbr0LmwFVoLXd9cO,37i9dQZEVXbO3qyFxbkOE1
54ELExv56KCAB4UP9cOCzC,37i9dQZEVXbO3qyFxbkOE1
2CeKVsFFXG4QzA415QygGb,37i9dQZEVXbO3qyFxbkOE1
5Eax0qFko2dh7Rl2lYs3bx,37i9dQZEVXbO3qyFxbkOE1
3k3NWokhRRkEPhCzPmV8TW,37i9dQZEVXbO3qyFxbkOE1
31i56LZnwE6uSu3exoHjtB,37i9dQZEVXbO3qyFxbkOE1
1RGlfmdvcfatN0ZLOmzanS,37i9dQZEVXbO3qyFxbkOE1
3gfSH9aYZbyGjdmbeoWliw,37i9dQZEVXbO3qyFxbkOE1
4ilZV1WNjL7IxwE81OnaRY,37i9dQZEVXbO3qyFxbkOE1
0WtM2NBVQNNJLh6scP13H8,37i9dQZEVXbO3qyFxbkOE1
5kpxVMDvYGRmNqawPqDTYR,37i9dQZEVXbO3qyFxbkOE1
3ZGkdrigbWXLgHungXfZkt,37i9dQZEVXbO3qyFxbkOE1
6odrHMSLjP3aOXC4ipKUC6,37i9dQZEVXbO3qyFxbkOE1
33cF8aTmGJ6TsEf23uqGIN,37i9dQZEVXbO3qyFxbkOE1
7Jph6HJbfURt4Fea19IED3,37i9dQZEVXbO3qyFxbkOE1
1IHWl5LamUGEuP4ozKQSXZ,37i9dQZEVXbO3qyFxbkOE1
0uBcoM4zxRXk7kmsmxoiFS,37i9dQZEVXbO3qyFxbkOE1
6WbAhuwE6fCOriBu5786X1,37i9dQZEVXbO3qyFxbkOE1
1kNC7b4zXbqoceKpkGdnD8,37i9dQZEVXbO3qyFxbkOE1
3bvJftZKZe5QKz433NczyV,37i9dQZEVXbO3qyFxbkOE1
6G12ZafqofSq7YtrMqUm76,37i9dQZEVXbO3qyFxbkOE1
6rOy9SIawgruuIWLP5divC,37i9dQZEVXbO3qyFxbkOE1
4Dvkj6JhhA12EX05fT7y2e,37i9dQZEVXbO3qyFxbkOE1
40vzZFWG1h60TdZPuxuX3Y,37i9dQZEVXbO3qyFxbkOE1
5Ei8EK2uXNkqqVSe2QYsFp,37i9dQZEVXbO3qyFxbkOE1
0CYTGMBYkwUxrj1MWDLrC5,37i9dQZEVXbO3qyFxbkOE1
1SxNFVI9TFJzQsxdzJ2oVd,37i9dQZEVXbO3qyFxbkOE1
53tfEupEzQRtVFOeZvk7xq,37i9dQZEVXbO3qyFxbkOE1
